id,symbol,timeframe,setup_type,bias,state,market_regime,volatility_regime,result,close_reason,timestamp,entry_touched_at,closed_at,r_multiple,allocated_r,pnl_pct,max_profit_pct,max_drawdown_pct,entry_price,stop_loss,target_price_1,target_price_2,engine_tag,entry_type,strategy_version,flow_alignment,structure_strength,clarity_confidence,trend_alignment,trap_risk,conflict_score,scenario_label,scenario_score,decision_signal,decision_market_regime,decision_volatility_regime,volume_z_15m,oi_delta_z_15m,taker_buy_sell_ratio_delta_15m,funding_level_15m,long_short_ratio_delta_15m,market_pressure_4h,mae_r,mfe_r,entry_efficiency,history_log_count,history_events,update_count,log_min_r,log_max_r,first_update_r,last_update_r,first_update_taker_ratio,last_update_taker_ratio,first_update_long_short_ratio,last_update_long_short_ratio,first_update_funding,last_update_funding,close_log_reason
1,APEUSDT,4h,Continuation,Bullish,Long Build-up,Trending,High,loss,Invalidation,2026-04-22T05:35:35.115611+00:00,2026-04-22T05:35:35.115611+00:00,2026-04-23T02:08:51.988860+00:00,-1.0,-1.2705,-3.4199878,0.0,-4.83870968,0.1054,0.10179533285714286,0.10896862047142855,0.11260933428571426,v2_balanced,Continuation Pullback,v2_balanced,0.9758,0.85,0.8659,0.72,0.2092,0.1,mixed_context,0.7938,Breakout Watch,,High,-0.8145028294472151,-0.9364934680343925,-0.9043172043034913,-0.00020931,0.1963768981304086,0.7390861174382555,1.4148,0.0,0.0,0,,0,,,,,,,,,,,
3,SEIUSDT,15m,Continuation,Bullish,Long Build-up,Ranging,High,win,Continuation Trail Stop,2026-04-23T06:40:49.819716+00:00,2026-04-23T06:40:49.819716+00:00,2026-04-23T06:40:49.819716+00:00,0.55441512,0.28657717,0.30906322,0.62121955,-0.21252248,0.06117,0.06082900285714286,0.061507587171428575,0.06185199428571429,v2_balanced,Continuation Pullback,v2_balanced,0.7088,0.85,0.8433,0.72,0.1678,0.0,weak_propulsion,0.55,Breakout Watch,,High,-0.6744907594765754,0.7941143337993829,0.04952778129198629,0.0001,0.14253727756823842,0.008468049871024588,0.3812,1.1144,0.7451,160,"update,update,update,update,update,update,update,update,update,update,update,update,update,update,update,update,update,update,update,update,update,update,update,update,update,update,update,update,update,update,update,update,update,update,update,update,update,update,update,update,update,update,update,update,update,update,update,update,update,update,update,update,update,update,update,update,update,update,update,update,update,update,update,update,update,update,update,update,update,update,update,update,update,update,update,update,update,update,update,update,update,update,update,update,update,update,update,update,update,update,update,update,update,update,update,update,update,update,update,update,update,update,update,update,update,update,update,update,update,update,update,update,update,update,update,update,update,update,update,update,update,update,update,update,update,update,update,update,update,update,update,update,update,update,update,update,update,update,update,update,update,update,update,update,update,update,update,update,update,update,update,update,update,update,update,update,update,update,update,close",159,,,,,,,,,0.0001,0.0001,Continuation Trail Stop
2,1000SHIBUSDT,15m,Continuation,Bullish,Long Build-up,Ranging,High,loss,Invalidation,2026-04-23T05:07:56.862670+00:00,2026-04-23T05:07:56.862670+00:00,2026-04-23T09:11:03.307815+00:00,-1.0,-1.2059,-0.39970091,0.14778325,-0.61724138,0.00609,0.006065658214285714,0.006114098367857143,0.006138683571428572,v2_balanced,Continuation Pullback,v2_balanced,0.8291,0.85,0.8396,0.72,0.2049,0.1,range_context,0.3422,Breakout Watch,,High,0.4448813841108258,1.1799582208988915,0.6647611528927642,-8.48e-06,0.032964737655634346,0.037796927238422304,1.5443,0.3697,0.1932,11,"update,update,update,update,update,update,update,update,update,update,close",10,,,,,1.0,1.0,1.0,1.0,-9.8e-06,0.0001,Invalidation
5,HYPEUSDT,1h,Continuation,Bullish,Long Build-up,Balanced,Low,loss,Invalidation,2026-04-23T14:55:01.960136+00:00,2026-04-23T14:55:01.960136+00:00,2026-04-24T04:58:43.246253+00:00,-1.0,-1.2098,-1.12918683,0.5700676,-1.27456311,41.56364778,41.09431654178571,42.0892987668,42.50231025642857,v2_balanced,Continuation Pullback,v2_balanced,0.9921,0.85,0.8815,0.72,0.2129,0.0,mixed_context,0.6505,Breakout Watch,,Low,-0.02113078233717645,-0.46795250813167893,-0.2788701538467151,5e-05,0.021281349196760634,-0.1526036243443635,1.1287,0.5048,0.309,57,"update,update,update,update,update,update,update,update,update,update,update,update,update,update,update,update,update,update,update,update,update,update,update,update,update,update,update,update,update,update,update,update,update,update,update,update,update,update,update,update,update,update,update,update,update,update,update,update,update,update,update,update,update,update,update,update,close",56,,,,,0.6982,1.0,1.0366598778004075,1.0,5e-05,5e-05,Invalidation
6,RAVEUSDT,15m,Continuation,Bullish,Long Build-up,Trending,High,loss,Invalidation,2026-04-24T08:04:04.588245+00:00,2026-04-24T08:04:04.588245+00:00,2026-04-24T10:11:15.249891+00:00,-1.0,-0.8927,-2.84629389,0.16003259,-6.12973309,1.03104,1.0016935714285713,1.0600929642857144,1.0897328571428573,v2_balanced,Continuation Pullback,v2_balanced,0.6757,0.85,0.7991,0.72,0.2245,0.1,mixed_context,0.5613,Breakout Watch,,High,0.0,0.2123860943569445,0.33361076334612316,5.978e-05,0.146670577452367,0.5204224681897385,2.1536,0.0562,0.0254,27,"update,update,update,update,update,update,update,update,update,update,update,update,update,update,update,update,update,update,update,update,update,update,update,update,update,update,close",26,,,,,1.1949,0.8341,3.0584415584415585,3.1442188147534194,5.978e-05,5.978e-05,Invalidation
7,MAGMAUSDT,15m,Continuation,Bullish,Long Build-up,Balanced,High,win,Partial TP1,2026-04-24T10:26:30.037576+00:00,2026-04-24T10:26:30.037576+00:00,2026-04-24T10:57:02.690677+00:00,0.495,0.2095335,0.9548345,2.31707317,-0.12195122,0.2214,0.21712928571428572,0.22562800714285716,0.2299414285714286,v2_balanced,Continuation Pullback,v2_balanced,0.6327,0.85,0.8675,0.9,0.1699,0.0,weak_propulsion,0.65,Breakout Watch,,High,0.0,1.259891725218904,0.2599699345976988,0.00035104,0.0014895917756364008,0.04154004517764777,0.0632,1.2012,0.95,9,"update,update,update,update,update,update,update,tp1_hit,close",7,,,,,1.244,1.1364,0.7614937466971993,0.7473353136466888,0.00035104,0.00035104,Partial TP1
10,PIPPINUSDT,4h,Continuation,Bullish,Expansion,Trending,High,loss,Invalidation,2026-04-24T19:58:04.296377+00:00,2026-04-24T19:58:04.296377+00:00,2026-04-24T19:58:04.296377+00:00,-1.0,-1.1114,-5.6302206,0.0,0.0,0.02668,0.02517785714285714,0.028167121428571428,0.029684285714285715,v2_balanced,Continuation Pullback,v2_balanced,0.7235,1.0,0.8806,0.72,0.1542,0.0,mixed_context,0.7918,Breakout Watch,,High,-0.6744907594765682,0.20811606377368536,-0.20717848033302355,0.00039095,-0.002331974663217773,0.7691028525455303,0.0,0.0,,2,"update,close",1,,,,,2.2451,2.2451,2.5124692658939236,2.5124692658939236,0.00039095,0.00039095,Invalidation
8,GALAUSDT,4h,Continuation,Bullish,Long Build-up,Trending,High,win,Target 2,2026-04-24T11:59:47.962794+00:00,2026-04-24T11:59:47.962794+00:00,2026-04-24T20:03:10.032174+00:00,1.49499995,1.91330093,4.44051122,6.09756098,-1.52439024,0.00328,0.0031825760714285713,0.003376449689285714,0.0034748478571428572,v2_balanced,Continuation Pullback,v2_balanced,1.0,0.85,0.8876,0.72,0.1916,0.0,range_context,0.3143,Breakout Watch,,High,-0.8688960886406891,-0.2941148187985413,0.4380548692765165,0.0001,0.0592874285377481,0.6003666512322284,0.5132,2.0529,0.8,18,"update,update,update,update,update,update,update,update,update,update,update,update,update,update,update,tp1_hit,update,close",16,,,,,1.9332,0.6104,1.637130801687764,1.6874496103198067,0.0001,0.0001,Target 2
14,GALAUSDT,4h,Continuation,Bullish,Long Build-up,Trending,High,loss,Invalidation,2026-04-25T03:56:27.323074+00:00,2026-04-25T03:56:27.323074+00:00,2026-04-25T03:56:27.323074+00:00,-1.0,-1.2825,-3.54033101,0.0,0.0,0.00369,0.0035593617857142858,0.0038193318321428573,0.0039512764285714284,v2_balanced,Continuation Pullback,v2_balanced,1.0,1.0,0.9133,0.72,0.1799,0.0,efficient_build,0.7779,Breakout Watch,,High,-0.9013012004337374,-1.0657086159529208,0.19289805223039957,0.0001,0.07788816442651869,0.930206908740746,0.0,0.0,,2,"update,close",1,,,,,1.08,1.08,2.2959789057350033,2.2959789057350033,0.0001,0.0001,Invalidation
13,ENAUSDT,15m,Continuation,Bullish,Long Build-up,Ranging,High,win,Continuation Trail Stop,2026-04-25T01:33:57.935467+00:00,2026-04-25T01:33:57.935467+00:00,2026-04-25T05:02:38.563661+00:00,0.91063304,0.56495674,0.45272187,0.82530949,-0.32095369,0.10905,0.10850785714285714,0.10958672142857141,0.1101342857142857,v2_balanced,Continuation Pullback,v2_balanced,0.8617,0.85,0.8499,0.72,0.1918,0.1,weak_propulsion,0.55,Breakout Watch,,High,1.8329953342864869,1.2717252017458696,0.06623729926809158,2.56e-06,-0.002377114472026709,-0.023382959010935078,0.6456,1.6601,0.72,44,"update,update,update,update,update,update,update,update,update,update,update,update,update,update,update,update,update,update,update,update,update,update,update,update,update,update,update,tp1_hit,update,update,update,update,update,update,update,update,update,update,update,update,update,update,update,close",42,,,,,1.4028,2.4653,1.4962556165751373,1.4832381425378696,2.56e-06,2.56e-06,Continuation Trail Stop
16,KATUSDT,15m,Continuation,Bullish,Long Build-up,Trending,High,loss,Invalidation,2026-04-25T07:40:22.765510+00:00,2026-04-25T07:40:22.765510+00:00,2026-04-25T07:55:37.778942+00:00,-1.0,-1.1318,-3.56119525,0.0,-4.21612771,0.02443,0.02356,0.0252913,0.02617,v2_balanced,Continuation Pullback,v2_balanced,0.7763,0.85,0.857,0.72,0.1651,0.0,mixed_context,0.6547,Breakout Watch,,High,0.25236175730996835,0.7785093584567081,0.09143781682092024,-0.00665315,0.07893697757177039,-0.8965367461561348,1.1839,0.0,0.0,5,"update,update,update,update,close",4,,,,,1.1289,1.3676,0.919754271453254,0.9301293186643504,-0.00665315,-0.00665315,Invalidation
15,币安人生USDT,1h,Continuation,Bullish,Expansion,Trending,High,win,Continuation Trail Stop,2026-04-25T06:59:38.765313+00:00,2026-04-25T06:59:38.765313+00:00,2026-04-25T09:32:25.710179+00:00,0.64904371,0.83239855,2.07493721,3.9813901,0.0,0.35465,0.34331214285714284,0.36587447857142863,0.3773257142857144,v2_balanced,Continuation Pullback,v2_balanced,0.9146,1.0,0.8859,0.72,0.2034,0.1,mixed_context,0.5392,Breakout Watch,,High,1.2380775493973861,-0.5322113498877159,0.22555781001229852,5e-05,0.0022178061073707678,0.22449479409297743,0.0,1.2454,1.0,12,"update,update,update,update,update,tp1_hit,update,update,update,update,update,close",10,,,,,1.416,0.5391,0.5417823003391922,0.5487068297971194,5e-05,5e-05,Continuation Trail Stop
18,QUSDT,15m,Continuation,Bullish,Long Build-up,Balanced,High,loss,Invalidation,2026-04-25T08:56:44.653847+00:00,2026-04-25T08:56:44.653847+00:00,2026-04-25T09:57:49.020914+00:00,-1.0,-0.441,-1.34165481,1.15445489,-1.81547342,0.010741,0.010596892857142859,0.010883666071428572,0.011029214285714285,v2_balanced,Continuation Pullback,v2_balanced,0.6659,0.85,0.8131,0.72,0.1782,0.1,weak_propulsion,0.65,Breakout Watch,,High,0.4766332751885897,1.7190682796849495,-0.20254078497238387,5e-05,0.015397855171228603,-0.26417931914575477,1.3532,0.8605,0.3887,14,"update,update,update,update,update,update,update,update,update,update,update,update,update,close",13,,,,,1.0667,0.5239,1.3736055067647757,1.4515812699190977,5e-05,5e-05,Invalidation
19,ADAUSDT,15m,Continuation,Bearish,Pre-Squeeze,Ranging,Medium,loss,Invalidation,2026-04-25T11:44:49.187391+00:00,2026-04-25T11:44:49.187391+00:00,2026-04-25T11:44:49.187391+00:00,-1.0,-1.1922,-0.27254145,0.0,0.0,0.2516,0.2522857142857143,0.2508662857142857,0.2502285714285714,v2_balanced,Continuation Pullback,v2_balanced,0.779,0.85,0.8353,0.72,0.1856,0.1,range_context,0.4436,Breakout Watch,,Medium,2.283674359381274,0.5836468299019818,0.6271850367782457,0.0001,-0.006827544765880766,0.20911764555061185,0.0,0.0,,2,"update,close",1,,,,,1.9079,1.9079,2.0012004801920766,2.0012004801920766,0.0001,0.0001,Invalidation
9,TRUMPUSDT,24h,Continuation,Bullish,Long Build-up,Trending,High,loss,Invalidation,2026-04-24T15:48:44.389831+00:00,2026-04-24T15:48:44.389831+00:00,2026-04-25T12:35:43.088933+00:00,-1.0,-1.0372,-6.79343828,6.65980089,-11.671816,2.913,2.7151071428571427,3.1089139285714285,3.308785714285714,v2_balanced,Continuation Pullback,v2_balanced,0.7121,0.85,0.8332,0.72,0.2032,0.0,mixed_context,0.8122,Breakout Watch,,High,0.7501988660128784,0.13301932378930897,0.3641922694245219,5e-05,0.003619192944692373,0.703740248961152,1.7181,0.9803,0.3633,22,"update,update,update,update,update,update,update,update,update,update,update,update,update,update,update,update,update,update,update,update,update,close",21,,,,,1.6714,2.3402,2.161555485298767,2.380662609871535,5e-05,5e-05,Invalidation
20,MOVRUSDT,15m,Continuation,Bullish,Long Build-up,Balanced,Medium,loss,Invalidation,2026-04-25T23:12:16.377462+00:00,2026-04-25T23:12:16.377462+00:00,2026-04-26T00:03:10.863506+00:00,-1.0,-0.4603,-2.03716331,0.0,-3.42084328,2.514,2.462785714285714,2.568799285714286,2.6164285714285715,v2_balanced,Continuation Pullback,v2_balanced,0.655,0.85,0.8685,0.9,0.181,0.0,weak_propulsion,0.65,Breakout Watch,,Medium,-0.44938529738586536,1.0362055328802875,0.09057297764405747,-0.00158115,0.026174487805004504,0.7437894030405284,1.6792,0.0,0.0,12,"update,update,update,update,update,update,update,update,update,update,update,close",11,,,,,0.9512,0.5242,1.2045855379188712,1.2158209616662974,-0.00158115,-0.00158115,Invalidation
21,ENJUSDT,15m,Continuation,Bullish,Long Build-up,Balanced,High,loss,Invalidation,2026-04-26T00:59:12.278126+00:00,2026-04-26T00:59:12.278126+00:00,2026-04-26T00:59:12.278126+00:00,-1.0,-0.4527,-0.96529571,0.0,0.0,0.06471,0.06408535714285715,0.06532839642857143,0.0659592857142857,v2_balanced,Continuation Pullback,v2_balanced,0.6823,0.85,0.837,0.72,0.1711,0.0,weak_propulsion,0.65,Breakout Watch,,High,0.09086899517017803,2.1911449216870276,0.21721738981903904,-0.00015944,0.014089352907529225,0.04831177509499676,0.0,0.0,,2,"update,close",1,,,,,1.1492,1.1492,0.9758940920766647,0.9758940920766647,-0.00015944,-0.00015944,Invalidation
11,INJUSDT,24h,Continuation,Bullish,Long Build-up,Trending,High,win,Partial TP1,2026-04-24T20:48:58.464504+00:00,2026-04-24T20:48:58.464504+00:00,2026-04-26T07:36:21.563218+00:00,0.94877066,0.60294375,5.2664755,11.86536558,0.0,3.5355,3.33925,3.9078925,4.1965,v2_balanced,Continuation Pullback,v2_balanced,0.9691,0.85,0.879,0.72,0.2079,0.0,weak_propulsion,0.55,Breakout Watch,,High,0.43929557056978275,-0.3296393691972692,0.7587665909414772,-5.35e-05,-0.0033976934880732834,0.3484411772955344,0.0,2.1376,1.0,37,"update,update,update,update,update,update,update,update,update,update,update,update,update,update,update,update,update,update,update,update,update,update,update,update,update,update,update,update,update,update,update,update,update,update,update,tp1_hit,close",35,,,,,1.772,1.2272,1.7502750275027503,2.0093289196509176,-5.35e-05,-5.35e-05,Partial TP1
4,MASKUSDT,24h,Continuation,Bullish,Long Build-up,Trending,High,win,Target 2,2026-04-23T08:02:06.301134+00:00,2026-04-23T08:02:06.301134+00:00,2026-04-26T11:14:30.474460+00:00,1.49500003,1.59815504,10.06109132,22.91812728,0.0,0.49675071,0.4633202475,0.529846867875,0.563611635,v2_balanced,Continuation Pullback,v2_balanced,0.7357,0.85,0.8223,0.72,0.1974,0.1,climax_event,1.0,Breakout Watch,,High,3.3635046803020225,2.3144416571905424,0.3146976718955883,-4.466e-05,0.009091819807280577,0.9405775364348672,0.0,3.4055,1.0,60,"update,update,update,update,update,update,update,update,update,update,update,update,update,update,update,update,update,update,update,update,update,update,update,update,update,update,update,update,update,update,update,update,update,update,update,update,update,update,update,update,update,update,update,update,update,tp1_hit,update,update,update,update,update,update,update,update,update,update,update,update,update,close",58,,,,,,1.1674,,1.46669955599408,-4.466e-05,0.0,Target 2
25,KATUSDT,15m,Continuation,Bullish,Long Build-up,Balanced,High,win,Breakeven SL,2026-04-26T10:27:02.285410+00:00,2026-04-26T10:27:02.285410+00:00,2026-04-26T11:14:54.624426+00:00,0.4949999,0.44535141,1.1334505,2.21309391,-0.12608693,0.01285621,0.012561828571428572,0.013147647614285714,0.013444972857142856,v2_balanced,Continuation Pullback,v2_balanced,0.6799,0.85,0.8139,0.72,0.1852,0.1,mixed_context,0.7106,Breakout Watch,,High,-0.6744907594765881,1.0935093375785119,-0.004859761242507893,-0.00070656,0.14352258443311816,-0.01702290038575171,0.0551,0.9665,0.9461,12,"update,update,update,update,update,update,update,update,tp1_hit,update,update,close",10,,,,,0.9338,0.8391,1.181500872600349,1.0,-0.00070656,-0.00049162,Breakeven SL
26,ENSOUSDT,15m,Continuation,Bullish,Long Build-up,Trending,High,loss,Invalidation,2026-04-26T10:47:38.256923+00:00,2026-04-26T10:47:38.256923+00:00,2026-04-26T12:05:46.439520+00:00,-1.0,-1.0224,-5.54077956,2.5819976,-5.69458191,1.0823,1.0223321428571428,1.1416681785714287,1.2022357142857145,v2_balanced,Continuation Pullback,v2_balanced,0.6992,0.85,0.858,0.9,0.1945,0.1,climax_event,1.0,Breakout Watch,,High,-1.2948441371673687,0.3969056748196703,0.1922989855661223,-0.01191316,0.08443344619270388,0.8422706682683578,1.0278,0.466,0.312,17,"update,update,update,update,update,update,update,update,update,update,update,update,update,update,update,update,close",16,,,,,1.121,1.1929,1.1226915729144555,1.22667557336896,-0.01191316,-0.00650742,Invalidation
30,SOONUSDT,15m,Continuation,Bullish,Long Build-up,Balanced,High,loss,Invalidation,2026-04-26T11:55:37.716802+00:00,2026-04-26T11:55:37.716802+00:00,2026-04-26T14:07:45.766532+00:00,-1.0,-0.5419,-1.90369914,1.141688,-1.95662954,0.19042593,0.1868007932142857,0.19401481541785714,0.1976762035714286,v2_balanced,Continuation Pullback,v2_balanced,0.7433,0.85,0.8525,0.72,0.1592,0.0,weak_propulsion,0.55,Breakout Watch,,High,-0.8327403392532243,1.0200315340760813,0.11754848623014438,-0.00021928,0.20107137902218652,-0.06901810078247064,1.0278,0.5997,0.3685,26,"update,update,update,update,update,update,update,update,update,update,update,update,update,update,update,update,update,update,update,update,update,update,update,update,update,close",25,,,,,1.0138,0.9477,1.8620492272467086,1.7563395810363835,-0.00021928,-0.00029241,Invalidation
34,ORCAUSDT,15m,Continuation,Bullish,Long Build-up,Trending,High,loss,Invalidation,2026-04-26T13:28:18.306996+00:00,2026-04-26T13:28:18.306996+00:00,2026-04-26T14:38:31.486801+00:00,-1.0,-1.0235,-5.95305529,0.23957852,-6.10319789,1.68695841,1.5865328432142856,1.7863797211178571,1.8878095435714286,v2_balanced,Continuation Pullback,v2_balanced,0.7004,0.85,0.854,0.9,0.2098,0.1,mixed_context,0.7448,Breakout Watch,,High,-0.8581286786142677,1.0443079750008044,0.03834508265165195,-0.00377976,-0.05770970037849926,0.764034572812049,1.0252,0.0402,0.0378,15,"update,update,update,update,update,update,update,update,update,update,update,update,update,update,close",14,,,,,1.1049,1.0236,0.7146776406035664,0.7292062943109113,-0.00377976,-0.00302737,Invalidation
35,SEIUSDT,15m,Continuation,Bullish,Long Build-up,Balanced,High,win,Continuation Trail Stop,2026-04-26T14:24:52.879520+00:00,2026-04-26T14:24:52.879520+00:00,2026-04-26T14:42:41.368886+00:00,0.68547609,0.29612567,0.64480334,0.98478751,0.0,0.06212,0.06153565892857143,0.0626984976607143,0.06328868214285716,v2_balanced,Continuation Pullback,v2_balanced,0.6502,0.85,0.8273,0.72,0.1806,0.0,weak_propulsion,0.55,Breakout Watch,,High,-0.31382786362193454,0.9844695332575212,0.22995298524555324,0.0001,0.011929898685160534,0.8605956899290063,0.0,1.0469,1.0,5,"update,update,update,tp1_hit,close",3,,,,,1.4169,3.7399,1.631578947368421,1.5826446280991737,0.0001,0.0001,Continuation Trail Stop
36,INJUSDT,15m,Continuation,Bullish,Long Build-up,Balanced,Low,loss,Invalidation,2026-04-26T15:26:41.439582+00:00,2026-04-26T15:26:41.439582+00:00,2026-04-26T16:07:30.827816+00:00,-1.0,-0.8137,-0.82071308,0.0,-0.80061253,3.66131293,3.6312640557142855,3.6949676692,3.7214106785714285,v2_balanced,Continuation Pullback,v2_balanced,0.6441,0.85,0.8498,0.9,0.187,0.1,mixed_context,0.5566,Breakout Watch,,Low,-0.7651769464695215,1.177110722828355,0.5655311796300606,-0.00050616,-0.019603786857507632,0.6134560094781941,0.9755,0.0,0.0,9,"update,update,update,update,update,update,update,update,close",8,,,,,1.8595,3.1999,2.0656039239730224,2.114294612270321,-0.00050616,-0.00044023,Invalidation
33,XLMUSDT,1h,Continuation,Bullish,Long Build-up,Ranging,High,loss,Invalidation,2026-04-26T11:59:56.917979+00:00,2026-04-26T11:59:56.917979+00:00,2026-04-26T16:45:44.027734+00:00,-1.0,-1.262,-0.71195756,0.71219617,-0.80387637,0.17123653,0.17001739857142856,0.1725044266857143,0.17367479285714288,v2_balanced,Continuation Pullback,v2_balanced,0.9449,0.85,0.8581,0.72,0.2178,0.1,range_context,0.3722,Breakout Watch,,High,-1.0078607742947354,-0.3426088338041301,0.2676656962099496,4.377e-05,-0.016658442525982947,0.19347332362598849,1.1291,1.0003,0.4698,16,"update,update,update,update,update,update,update,update,update,update,update,update,update,update,update,close",15,,,,,1.3803,0.7502,0.9523623584537291,0.9723865877712031,8.51e-06,3.138e-05,Invalidation
40,HIGHUSDT,15m,Continuation,Bullish,Long Build-up,Balanced,High,loss,Invalidation,2026-04-26T20:20:04.740300+00:00,2026-04-26T20:20:04.740300+00:00,2026-04-26T20:34:11.162992+00:00,-1.0,-0.5825,-1.72450199,0.0,-1.66533589,0.23074264,0.22676347857142856,0.23468200981428572,0.23870096285714287,v2_balanced,Continuation Pullback,v2_balanced,0.8014,0.85,0.8359,0.72,0.1984,0.1,weak_propulsion,0.55,Breakout Watch,,High,0.4013757485638874,0.7148732518249631,-0.007112837928341401,-0.00269179,0.0021211449433254093,-0.4903518086908529,0.9657,0.0,0.0,2,"update,close",1,,,,,3.3,3.3,0.9368584156498161,0.9368584156498161,-0.00279938,-0.00279938,Invalidation
38,AXSUSDT,15m,Continuation,Bullish,Long Build-up,Balanced,Medium,win,Continuation Trail Stop,2026-04-26T19:28:36.871381+00:00,2026-04-26T19:28:36.871381+00:00,2026-04-26T20:44:58.801979+00:00,0.83981292,0.93471178,1.21690563,1.63701068,-0.14234875,1.405,1.384641270357143,1.4267838407178572,1.4457174592857143,v2_balanced,Continuation Pullback,v2_balanced,0.7264,0.85,0.8338,0.72,0.2109,0.0,mixed_context,0.5738,Breakout Watch,,Medium,0.0,1.1451773645801349,0.15257627848280386,-6.392e-05,0.008068597045495396,0.7260817039131535,0.0982,1.1297,0.92,17,"update,update,update,update,update,update,update,update,update,update,update,update,update,update,tp1_hit,update,close",15,,,,,1.4002,1.893,1.334267040149393,1.3304591004427873,-6.392e-05,-0.0001223,Continuation Trail Stop
41,SONICUSDT,15m,Continuation,Bearish,Long Build-up,Ranging,High,loss,Invalidation,2026-04-26T21:54:51.762195+00:00,2026-04-26T21:54:51.762195+00:00,2026-04-26T22:00:27.151243+00:00,-1.0,-0.9152,-0.50435252,0.0,-0.55556019,0.03833968,0.038533047142857144,0.038148246528571426,0.037952945714285716,v2_balanced,Continuation Pullback,v2_balanced,0.694,0.85,0.7952,0.72,0.192,0.2,range_context,0.3431,Breakout Watch,,High,1.3369542902409968,1.980452020572979,1.8228469960701092,-3.212e-05,-0.008296447541261687,0.4515068179932551,1.1015,0.0,0.0,2,"update,close",1,,,,,4.2641,4.2641,3.0816326530612246,3.0816326530612246,-2.214e-05,-2.214e-05,Invalidation
37,CHZUSDT,4h,Continuation,Bullish,Long Build-up,Trending,High,loss,Invalidation,2026-04-26T15:59:58.502671+00:00,2026-04-26T15:59:58.502671+00:00,2026-04-27T00:04:42.508221+00:00,-1.0,-1.1296,-3.75765928,0.0,-3.78171662,0.05146631,0.04953238142857143,0.05338089928571429,0.055334167142857146,v2_balanced,Continuation Pullback,v2_balanced,0.772,0.85,0.8849,0.9,0.1915,0.0,efficient_build,0.7544,Breakout Watch,,High,-0.8189990938415013,-0.17564822248997478,0.6362107687346782,0.0001,0.012925214480899783,0.8504862964570051,1.0064,0.0,0.0,10,"update,update,update,update,update,update,update,update,update,close",9,,,,,1.2689,0.2664,1.46669955599408,1.5687130747495506,5.232e-05,0.0001,Invalidation
42,VVVUSDT,15m,Continuation,Bullish,Long Build-up,Balanced,Low,win,Continuation Trail Stop,2026-04-26T22:25:01.156512+00:00,2026-04-26T22:25:01.156512+00:00,2026-04-27T00:49:25.525545+00:00,1.28581813,0.71208608,1.54992714,2.31788128,-0.60130154,9.55746921,9.442263330000001,9.6864997956,9.78788097,v2_balanced,Continuation Pullback,v2_balanced,0.8014,0.85,0.8633,0.9,0.2431,0.1,weak_propulsion,0.55,Breakout Watch,,Low,2.006341718814181,1.2328380839900959,-0.6298499397041321,5e-05,0.025748110066558305,0.35835496388397187,0.4988,1.9229,0.794,29,"update,update,update,update,update,update,update,update,update,update,update,update,update,update,update,update,update,update,update,update,update,update,update,update,update,update,tp1_hit,update,close",27,,,,,0.9086,2.6011,0.7455053237912376,0.7507002801120448,5e-05,5e-05,Continuation Trail Stop
32,PENGUUSDT,4h,Continuation,Bullish,Long Build-up,Trending,High,win,Breakeven SL,2026-04-26T11:59:56.015703+00:00,2026-04-26T11:59:56.015703+00:00,2026-04-27T01:35:13.732951+00:00,0.49500003,0.63483754,2.0132765,4.86368837,-3.89820576,0.00895925,0.008594857142857144,0.009319998928571428,0.009688035714285713,v2_balanced,Continuation Pullback,v2_balanced,1.0,1.0,0.9225,0.9,0.2105,0.1,mixed_context,0.8853,Breakout Watch,,High,-0.809312533522237,0.0,0.16296657839835488,-8.84e-05,0.1331334094956208,0.8039359207390724,0.9584,1.1958,0.5551,21,"update,update,update,update,update,update,update,update,update,update,update,update,update,update,update,update,update,update,update,tp1_hit,close",19,,,,,1.0756,1.6253,1.6816840976133012,1.7262813522355507,-8.582e-05,7.58e-06,Breakeven SL
39,AAVEUSDT,4h,Continuation,Bullish,Long Build-up,Balanced,Low,win,Breakeven SL,2026-04-26T19:59:57.469329+00:00,2026-04-26T19:59:57.469329+00:00,2026-04-27T03:37:17.453504+00:00,0.55999993,0.67967191,1.335314,3.53950784,-0.77420833,96.90020949,94.58963408785714,99.4880539404,101.52136029428571,v2_balanced,Continuation Pullback,v2_balanced,0.8489,1.0,0.8972,0.9,0.2475,0.1,mixed_context,0.6389,Breakout Watch,,Low,-0.8131487288500167,0.3216198949419554,0.18264103438670098,6.255e-05,-0.025208006856821945,0.3615636011406952,0.3247,1.4844,0.8205,9,"update,update,update,update,update,update,update,tp1_hit,close",7,,,,,0.6968,0.8471,1.0946795140343526,1.0828993959591753,0.0001,6.911e-05,Breakeven SL
31,1000PEPEUSDT,4h,Continuation,Bullish,Long Build-up,Balanced,High,win,Breakeven SL,2026-04-26T11:59:55.682080+00:00,2026-04-26T11:59:55.682080+00:00,2026-04-27T03:42:22.393565+00:00,0.495,0.6348375,1.0394405,2.22837046,-1.89626367,0.00393247,0.0038498928571428577,0.004014221371428572,0.004097624285714286,v2_balanced,Continuation Pullback,v2_balanced,1.0,1.0,0.9046,0.72,0.2268,0.0,mixed_context,0.8614,Breakout Watch,,High,-1.1034452120882374,-0.27763629305022053,-0.4377289138520337,0.0001,0.17056515294290853,0.8161978723695781,0.903,1.0612,0.5403,25,"update,update,update,update,update,update,update,update,update,update,update,update,update,update,update,update,update,update,update,update,update,update,update,tp1_hit,close",23,,,,,0.3131,0.6825,2.1240237425804436,2.2144005143040824,0.0001,5.59e-05,Breakeven SL
45,VIRTUALUSDT,1h,Continuation,Bullish,Long Build-up,Balanced,Medium,win,Continuation Trail Stop,2026-04-27T00:59:34.542634+00:00,2026-04-27T00:59:34.542634+00:00,2026-04-27T05:08:52.488184+00:00,0.90118537,1.16072675,1.26230116,2.48783878,0.0,0.7195,0.7094218771428572,0.7307874976,0.7396562457142857,v2_balanced,Continuation Pullback,v2_balanced,0.8041,1.0,0.8737,0.72,0.1809,0.1,range_context,0.3096,Breakout Watch,,Medium,2.3262185384753047,0.44825923582498806,0.9123259904636003,-2.177e-05,-0.1086926759134561,0.10817093781520179,0.0,1.7761,1.0,15,"update,update,update,tp1_hit,update,update,update,update,update,update,update,update,update,update,close",13,,,,,1.1746,0.4586,0.7316017316017316,0.7953321364452423,-2.177e-05,-2.177e-05,Continuation Trail Stop
51,GENIUSUSDT,15m,Continuation,Bullish,Long Build-up,Ranging,Medium,loss,Invalidation,2026-04-27T04:58:39.847155+00:00,2026-04-27T04:58:39.847155+00:00,2026-04-27T05:29:12.826355+00:00,-1.0,-0.5757,-0.63449337,0.5551817,-0.89165545,0.5944,0.5906285714285715,0.5984354285714286,0.6019428571428571,v2_balanced,Continuation Pullback,v2_balanced,0.7552,0.85,0.802,0.72,0.2139,0.2,weak_propulsion,0.65,Breakout Watch,,Medium,1.4072196682336193,0.4295333162933705,-0.2517306302065402,0.0002061,0.0024469401254440526,-0.28774915398265,1.4053,0.875,0.3837,7,"update,update,update,update,update,update,close",6,,,,,1.7497,0.6703,0.7433751743375174,0.7397355601948504,0.0002061,0.0002061,Invalidation
44,FARTCOINUSDT,4h,Continuation,Bullish,Long Build-up,Trending,High,loss,Invalidation,2026-04-26T23:59:37.848919+00:00,2026-04-26T23:59:37.848919+00:00,2026-04-27T08:01:53.826369+00:00,-1.0,-1.2825,-2.94818889,2.16242191,-3.02739068,0.2081,0.20196481892857143,0.2141738292607143,0.22037036214285716,v2_balanced,Continuation Pullback,v2_balanced,0.9684,1.0,0.8903,0.72,0.2193,0.1,mixed_context,0.7796,Breakout Watch,,High,-0.5784957968788624,0.5025735324712616,-0.6392618816064338,5e-05,-0.003763709291561723,0.6630816774632404,1.0269,0.7335,0.4167,9,"update,update,update,update,update,update,update,update,close",8,,,,,1.8028,1.9502,1.002002002002002,1.021018593371059,5e-05,5e-05,Invalidation
47,1000PEPEUSDT,4h,Continuation,Bullish,Long Build-up,Trending,High,loss,Invalidation,2026-04-27T03:57:34.172163+00:00,2026-04-27T03:57:34.172163+00:00,2026-04-27T08:01:53.826369+00:00,-1.0,-1.2825,-2.27721377,0.0,-4.76428286,0.0040048,0.003913602142857143,0.004095085878571428,0.004187195714285714,v2_balanced,Continuation Pullback,v2_balanced,0.9955,1.0,0.9263,0.9,0.1829,0.1,mixed_context,0.8974,Breakout Watch,,High,-0.5590161368826306,-0.6082933072728988,0.1987581716930656,5.59e-05,-0.006753408883932943,0.829668475976292,2.0922,0.0,0.0,2,"update,close",1,,,,,2.1283,2.1283,2.46860908775581,2.46860908775581,5.59e-05,5.59e-05,Invalidation
48,AAVEUSDT,4h,Continuation,Bullish,Long Build-up,Trending,Low,loss,Invalidation,2026-04-27T03:57:34.172163+00:00,2026-04-27T03:57:34.172163+00:00,2026-04-27T08:01:53.826369+00:00,-1.0,-1.215,-2.45504295,0.0,-3.85079429,99.46,97.01821428571428,102.1948,104.34357142857142,v2_balanced,Continuation Pullback,v2_balanced,0.9633,1.0,0.9297,0.9,0.1945,0.0,climax_event,1.0,Breakout Watch,,Low,-0.6669711898015522,-0.12493610537666337,0.13862701764467902,6.911e-05,-0.007246293929827979,0.5016876528331877,1.5685,0.0,0.0,2,"update,close",1,,,,,1.3368,1.3368,1.137208805300278,1.137208805300278,6.911e-05,6.911e-05,Invalidation
49,SPKUSDT,4h,Continuation,Bullish,Long Build-up,Trending,High,loss,Invalidation,2026-04-27T03:57:34.172163+00:00,2026-04-27T03:57:34.172163+00:00,2026-04-27T08:32:25.846983+00:00,-1.0,-1.2411,-7.93858599,0.0,-8.54414042,0.03874,0.03566459178571428,0.04178465413214286,0.04489081642857143,v2_balanced,Continuation Pullback,v2_balanced,0.8615,0.85,0.8511,0.72,0.1874,0.1,climax_event,1.0,Breakout Watch,,High,5.083656658133745,1.364410154147069,0.4062122897743802,-0.0010454,-0.024374993231120884,0.16792663325711935,1.0763,0.0,0.0,3,"update,update,close",2,,,,,1.1536,0.5548,0.9342359767891683,0.9334880123743233,-0.0010454,-0.0010454,Invalidation
50,MONUSDT,4h,Continuation,Bullish,Long Build-up,Trending,High,loss,Invalidation,2026-04-27T03:57:34.172163+00:00,2026-04-27T03:57:34.172163+00:00,2026-04-27T11:10:10.787194+00:00,-1.0,-1.2569,-3.69866835,0.0,-4.09535452,0.03272,0.031509795714285714,0.03391810224285714,0.03514040857142857,v2_balanced,Continuation Pullback,v2_balanced,0.9206,0.85,0.8627,0.72,0.1848,0.1,mixed_context,0.5502,Breakout Watch,,High,0.5515634769756188,0.22537718274876167,0.25055468338042436,5e-05,-0.03130430593414346,0.27019177692784824,1.1073,0.0,0.0,8,"update,update,update,update,update,update,update,close",7,,,,,0.9837,0.8458,0.6331863465621428,0.6460905349794238,5e-05,5e-05,Invalidation
52,AXSUSDT,15m,Continuation,Bullish,Long Build-up,Balanced,Medium,win,Continuation Trail Stop,2026-04-27T14:08:27.725349+00:00,2026-04-27T14:08:27.725349+00:00,2026-04-27T14:39:01.824723+00:00,1.09548552,1.46433549,1.46301182,2.19546742,0.0,1.412,1.393142857142857,1.4321771428571428,1.4497142857142857,v2_balanced,Continuation Pullback,v2_balanced,0.9753,0.85,0.8622,0.72,0.223,0.1,mixed_context,0.6051,Breakout Watch,,Medium,2.8111595786029335,0.4313184821367461,0.2569117752012493,-1.27e-06,-0.011735930654582005,0.326850278984584,0.0,1.6439,1.0,7,"update,update,update,update,update,tp1_hit,close",5,,,,,2.1049,1.251,1.2578460149017838,1.2655188038060716,-1.27e-06,-1.27e-06,Continuation Trail Stop
53,APEUSDT,15m,Continuation,Bullish,Long Build-up,Balanced,High,win,Target 2,2026-04-28T04:00:31.043902+00:00,2026-04-28T04:00:31.043902+00:00,2026-04-28T04:41:16.652168+00:00,1.49499984,0.62939493,1.83665472,2.77970813,0.0,0.1439,0.14213214285714285,0.1456501785714286,0.1474357142857143,v2_balanced,Continuation Pullback,v2_balanced,0.6328,0.85,0.8243,0.72,0.1781,0.0,weak_propulsion,0.75,Breakout Watch,,High,-0.6744907594765805,1.5631968696460496,0.5590789318033833,-0.00013065,0.006299343562978177,0.2613758846592708,0.0,2.2626,1.0,8,"update,update,tp1_hit,update,update,update,update,close",6,,,,,1.6491,1.1924,1.592016588906169,1.577319587628866,-0.00013065,-0.00013065,Target 2
54,SIRENUSDT,15m,Continuation,Bullish,Long Build-up,Balanced,High,win,Breakeven SL,2026-04-28T06:38:22.184048+00:00,2026-04-28T06:38:22.184048+00:00,2026-04-28T09:57:09.555167+00:00,0.49500004,0.31011752,1.024002,2.83180778,-0.72940503,0.6992,0.6847357142857143,0.7135196428571429,0.7281285714285715,v2_balanced,Continuation Pullback,v2_balanced,0.8956,0.85,0.8757,0.72,0.1727,0.0,weak_propulsion,0.55,Breakout Watch,,High,1.0697451448621331,0.7191558715138843,0.07578643038178211,-0.00113438,0.018103439358458595,-0.20252158733565198,0.3526,1.3689,0.7952,40,"update,update,update,update,update,update,update,update,update,update,update,update,update,update,tp1_hit,update,update,update,update,update,update,update,update,update,update,update,update,update,update,update,update,update,update,update,update,update,update,update,update,close",38,,,,,0.9177,0.3883,1.2075055187637969,1.2143489813994686,-0.00113438,-0.00113438,Breakeven SL
56,ORCAUSDT,15m,Continuation,Bullish,Long Build-up,Balanced,Medium,win,Breakeven SL,2026-04-28T08:55:56.588794+00:00,2026-04-28T08:55:56.588794+00:00,2026-04-28T10:07:21.352566+00:00,0.53499995,0.70705593,1.372016,2.96774194,-0.70967742,1.55,1.51025,1.5925325,1.6295,v2_balanced,Continuation Pullback,v2_balanced,0.9053,0.85,0.877,0.72,0.174,0.0,efficient_build,0.4794,Breakout Watch,,Medium,1.3733089027114358,0.5546980802269165,0.24833231268688494,-0.0007173,0.0027280643038077035,0.890717384463955,0.2767,1.1572,0.807,16,"update,update,update,update,update,update,update,update,update,update,update,update,update,update,tp1_hit,close",14,,,,,1.2426,1.4484,1.1987686895338612,1.2217285047767164,-0.0007173,-0.0007173,Breakeven SL
57,币安人生USDT,15m,Continuation,Bullish,Long Build-up,Balanced,High,win,Breakeven SL,2026-04-28T09:06:09.796689+00:00,2026-04-28T09:06:09.796689+00:00,2026-04-28T10:48:03.449050+00:00,0.4950001,0.27289356,0.639175,1.51933702,-0.15166288,0.36924,0.36447214285714286,0.3739601785714286,0.3787757142857143,v2_balanced,Continuation Pullback,v2_balanced,0.7596,0.85,0.8204,0.72,0.1913,0.15,weak_propulsion,0.65,Breakout Watch,,High,1.534903432391972,1.0804472528533882,-0.6992322929815307,0.00018083,-0.0006936351509164718,-0.3603861032506503,0.1175,1.1766,0.9092,21,"update,update,update,tp1_hit,update,update,update,update,update,update,update,update,update,update,update,update,update,update,update,update,close",19,,,,,1.2539,0.4356,0.575795776867318,0.5661707126076743,0.00018083,0.00018083,Breakeven SL
17,ALGOUSDT,4h,Continuation,Bullish,Long Build-up,Trending,High,loss,Invalidation,2026-04-25T07:55:37.778942+00:00,2026-04-25T07:55:37.778942+00:00,2026-04-28T11:22:33.862270+00:00,-1.0,-1.2825,-2.83446712,3.9039039,-2.7027027,0.11655,0.11324642857142857,0.12230803571428572,0.12690714285714289,v2_balanced,Continuation Pullback,v2_balanced,0.9147,1.0,0.8896,0.72,0.187,0.1,mixed_context,0.7363,Breakout Watch,,High,-0.06812052676824042,-0.33538338398113443,-1.1234359293274763,0.0001,0.01657733929900307,0.594345637782433,0.9535,1.3773,0.5909,149,"update,update,update,update,update,update,update,update,update,update,update,update,update,update,update,update,update,update,update,update,update,update,update,update,update,update,update,update,update,update,update,update,update,update,update,update,update,update,update,update,update,update,update,update,update,update,update,update,update,update,update,update,update,update,update,update,update,update,update,update,update,update,update,update,update,update,update,update,update,update,update,update,update,update,update,update,update,update,update,update,update,update,update,update,update,update,update,update,update,update,update,update,update,update,update,update,update,update,update,update,update,update,update,update,update,update,update,update,update,update,update,update,update,update,update,update,update,update,update,update,update,update,update,update,update,update,update,update,update,update,update,update,update,update,update,update,update,update,update,update,update,update,update,update,update,update,update,update,close",148,,,,,2.7313,1.0,0.7476406850751485,1.0,0.0001,0.0001,Invalidation
55,1000LUNCUSDT,4h,Continuation,Bullish,Long Build-up,Trending,High,loss,Invalidation,2026-04-28T07:59:54.023104+00:00,2026-04-28T07:59:54.023104+00:00,2026-04-28T12:02:56.190079+00:00,-1.0,-1.2529,-7.74818402,0.0,-7.89511806,0.06903,0.06368142857142857,0.0743250857142857,0.07972714285714284,v2_balanced,Continuation Pullback,v2_balanced,0.8829,0.85,0.8935,0.9,0.1712,0.1,mixed_context,0.7211,Breakout Watch,,High,-0.31565050849661647,-0.5357433767185455,0.06920530499637104,-0.0001731,-0.06045280918680479,0.5646040579648409,1.019,0.0,0.0,2,"update,close",1,,,,,0.9297,0.9297,1.23563603845294,1.23563603845294,-0.00010165,-0.00010165,Invalidation
59,BZUSDT,4h,Continuation,Bullish,Long Build-up,Balanced,Low,loss,Invalidation,2026-04-28T11:57:51.316590+00:00,2026-04-28T11:57:51.316590+00:00,2026-04-28T16:49:06.187299+00:00,-1.0,-0.574,-1.76161908,0.0,-1.82042287,105.47,103.61202035321428,107.55093720440001,109.18595929357144,v2_balanced,Continuation Pullback,v2_balanced,0.7948,1.0,0.8986,0.9,0.2046,0.1,weak_propulsion,0.65,Breakout Watch,,Low,-1.0189469847036845,0.2819621443625414,0.18549353752337672,-0.00021268,-0.2931620609043021,0.22506086204643497,1.0334,0.0,0.0,3,"update,update,close",2,,,,,0.4895,0.9918,0.31250820317626987,0.3142331449599159,-0.00021268,-0.00021268,Invalidation
60,CRVUSDT,15m,Continuation,Bullish,Long Build-up,Balanced,High,win,Breakeven SL,2026-04-28T13:29:32.842533+00:00,2026-04-28T13:29:32.842533+00:00,2026-04-28T17:19:38.986505+00:00,0.49500024,0.2089891,0.490639,1.3215859,-0.88105727,0.227,0.22475,0.2292275,0.2315,v2_balanced,Continuation Pullback,v2_balanced,0.6333,0.85,0.8408,0.9,0.1827,0.15,weak_propulsion,0.75,Breakout Watch,,High,0.6047359757052949,1.652798522453172,-0.20955191890852193,0.0001,-0.010571758418562921,0.13362890611388575,0.8889,1.3333,0.6,47,"update,update,update,update,update,update,update,update,update,update,update,update,update,update,update,update,update,update,update,update,update,update,update,update,update,update,update,update,tp1_hit,update,update,update,update,update,update,update,update,update,update,update,update,update,update,update,update,update,close",45,,,,,4.1871,4.3889,1.0512820512820513,1.0712510356255178,0.0001,0.0001,Breakeven SL
62,KATUSDT,15m,Continuation,Bullish,Long Build-up,Balanced,High,loss,Invalidation,2026-04-28T19:11:40.551423+00:00,2026-04-28T19:11:40.551423+00:00,2026-04-28T20:12:52.467473+00:00,-1.0,-0.5546,-1.02172312,0.60137457,-1.03092784,0.01164,0.011521071428571429,0.011757739285714284,0.01187785714285714,v2_balanced,Continuation Pullback,v2_balanced,0.7653,0.85,0.8094,0.72,0.1997,0.2,weak_propulsion,0.65,Breakout Watch,,High,2.7540788984169096,1.205408174270339,-0.023843325735685872,-0.0001657,-0.01284342837034727,0.826987556497169,1.009,0.5886,0.3684,13,"update,update,update,update,update,update,update,update,update,update,update,update,close",12,,,,,1.7499,1.1114,1.0781379883624274,1.106593638087213,-0.0001657,-0.0001657,Invalidation
61,PRLUSDT,15m,Continuation,Bullish,Long Build-up,Balanced,High,win,Target 2,2026-04-28T18:20:45.562519+00:00,2026-04-28T18:20:45.562519+00:00,2026-04-28T22:45:38.046577+00:00,1.49499989,0.66990945,3.35151263,4.78905359,-1.31128848,0.3508,0.3429357142857143,0.35858564285714284,0.3665285714285714,v2_balanced,Continuation Pullback,v2_balanced,0.6769,0.85,0.816,0.72,0.177,0.1,weak_propulsion,0.65,Breakout Watch,,High,0.0,1.4982652037680861,0.1307382462368881,-0.0050824,0.031717572072197775,-0.8318016054688584,0.5849,2.1362,0.785,53,"update,update,update,update,update,update,update,update,update,update,update,update,update,update,update,update,update,update,update,update,update,update,update,update,update,update,update,update,tp1_hit,update,update,update,update,update,update,update,update,update,update,update,update,update,update,update,update,update,update,update,update,update,update,update,close",51,,,,,1.4642,1.1212,1.3304591004427873,1.352941176470588,-0.0050824,-0.0050824,Target 2
63,OPENUSDT,15m,Continuation,Bullish,Long Build-up,Balanced,High,win,Breakeven SL,2026-04-28T23:26:20.649056+00:00,2026-04-28T23:26:20.649056+00:00,2026-04-28T23:36:35.422146+00:00,0.49499988,0.59315835,0.4946755,1.22324159,0.0,0.2616,0.2589857142857143,0.2641881428571428,0.26682857142857136,v2_balanced,Continuation Pullback,v2_balanced,0.8241,0.85,0.8383,0.72,0.2059,0.1,mixed_context,0.4225,Breakout Watch,,High,1.2570784513293396,2.104890292288251,0.726436288654269,1.361e-05,-0.011008492629422661,0.6146898827107041,0.0,1.224,1.0,4,"update,update,tp1_hit,close",2,,,,,1.3087,0.5202,1.2983222247759136,1.28675966155957,1.361e-05,1.361e-05,Breakeven SL
66,DOGEUSDT,15m,Continuation,Bullish,Long Build-up,Ranging,High,win,Breakeven SL,2026-04-29T00:27:29.677948+00:00,2026-04-29T00:27:29.677948+00:00,2026-04-29T01:59:07.419247+00:00,0.49500054,0.57405212,0.177265,0.38141122,-0.13048279,0.09963,0.09927321428571428,0.09998321785714286,0.10034357142857142,v2_balanced,Continuation Pullback,v2_balanced,0.7977,0.85,0.8365,0.72,0.1942,0.1,range_context,0.4875,Breakout Watch,,High,1.7886383326291522,0.7165612985594821,-0.2304869386288971,0.0001,0.024851544412812898,0.050771910025883285,0.3644,1.0651,0.7451,20,"update,update,update,update,update,update,update,update,update,update,update,update,update,update,update,update,update,update,tp1_hit,close",18,,,,,0.9769,1.6087,2.023888720895071,2.0129557095510697,0.0001,0.0001,Breakeven SL
58,CLUSDT,4h,Continuation,Bullish,Long Build-up,Balanced,Low,win,Breakeven SL,2026-04-28T07:59:54.023104+00:00,2026-04-28T07:59:54.023104+00:00,2026-04-29T02:29:36.654081+00:00,0.56000015,0.67541618,0.9035385,2.34699039,-0.02023268,98.85,97.25509362107142,100.6362951444,102.03981275785713,v2_balanced,Continuation Pullback,v2_balanced,0.8427,1.0,0.8787,0.72,0.1863,0.1,climax_event,1.0,Breakout Watch,,Low,-3.1542557743784743,-0.8679231675284189,0.06141791956422455,0.0,-0.03809322322374964,0.6088974130374912,0.0125,1.4546,0.9915,31,"update,tp1_hit,update,update,update,update,update,update,update,update,update,update,update,update,update,update,update,update,update,update,update,update,update,update,update,update,update,update,update,update,close",29,,,,,2.2853,0.5781,0.4452955629426218,0.37230684781117057,-0.00020945,-0.00020945,Breakeven SL
64,BIOUSDT,4h,Continuation,Bullish,Expansion,Trending,High,loss,Invalidation,2026-04-28T23:56:54.234221+00:00,2026-04-28T23:56:54.234221+00:00,2026-04-29T04:01:17.120531+00:00,-1.0,-1.2825,-7.61503884,0.0,-8.0596191,0.03623,0.033471071428571426,0.03896133928571428,0.04174785714285714,v2_balanced,Continuation Pullback,v2_balanced,1.0,1.0,0.9137,0.72,0.1779,0.0,mixed_context,0.7904,Breakout Watch,,High,-1.1586512655623633,0.6163193901649833,0.15772612694779403,-9.34e-06,0.013242291400285572,0.6741784712452066,1.0584,0.0,0.0,2,"update,close",1,,,,,1.031,1.031,0.8181818181818181,0.8181818181818181,-9.34e-06,-9.34e-06,Invalidation
67,AXSUSDT,15m,Continuation,Bullish,Long Build-up,Balanced,Medium,win,Target 2,2026-04-29T03:45:58.583931+00:00,2026-04-29T03:45:58.583931+00:00,2026-04-29T04:01:17.120531+00:00,1.535,0.679391,1.35415481,2.19123506,0.0,1.506,1.4927142857142857,1.5202157142857144,1.5325714285714287,v2_balanced,Continuation Pullback,v2_balanced,0.634,0.85,0.8027,0.72,0.1867,0.1,weak_propulsion,0.75,Breakout Watch,,Medium,-0.6744907594765917,0.45216468592118797,1.1227614266037862,-3.689e-05,0.0067378922116103634,0.19600594931867962,0.0,2.4839,1.0,3,"update,tp1_hit,close",1,,,,,1.8488,1.8488,1.4154589371980677,1.4154589371980677,-3.689e-05,-3.689e-05,Target 2
69,API3USDT,1h,Continuation,Bullish,Long Build-up,Trending,High,loss,Invalidation,2026-04-29T05:59:04.139245+00:00,2026-04-29T05:59:04.139245+00:00,2026-04-29T08:24:16.807655+00:00,-1.0,-1.2799,-4.36817333,3.6971831,-6.23742455,0.3976,0.38023214285714285,0.41566257142857144,0.4323357142857143,v2_balanced,Continuation Pullback,v2_balanced,0.9865,0.85,0.9082,0.9,0.1667,0.1,mixed_context,0.7642,Breakout Watch,,High,-1.276245158102687,-1.2391039644683715,0.06807136453278509,-0.00415752,-0.003551747940930078,0.915257187070092,1.4279,0.8464,0.3722,7,"update,update,update,update,update,update,close",6,,,,,0.7722,0.8525,1.1824530772588389,1.155636990730761,-0.00415752,-0.00415752,Invalidation
70,TACUSDT,15m,Continuation,Bullish,Long Build-up,Balanced,High,win,Continuation Trail Stop,2026-04-29T08:29:27.058746+00:00,2026-04-29T08:29:27.058746+00:00,2026-04-29T09:57:52.457415+00:00,0.97566667,0.41426807,2.12249256,3.42170378,-0.65747614,0.014145,0.013837285714285715,0.014465022857142856,0.014760428571428568,v2_balanced,Continuation Pullback,v2_balanced,0.6384,0.85,0.8275,0.72,0.1721,0.0,weak_propulsion,0.65,Breakout Watch,,High,-0.23523023028321552,0.768927294409886,0.01254875299459543,0.00013173,0.019650872208868686,-0.32043215028438954,0.3022,1.5729,0.8388,19,"update,update,update,update,update,update,update,update,update,update,update,update,update,update,update,update,tp1_hit,update,close",17,,,,,1.1385,1.0378,0.7143836790673752,0.7129153819801303,0.00013173,0.00013173,Continuation Trail Stop
29,MINAUSDT,24h,Continuation,Bullish,Long Build-up,Trending,High,loss,Invalidation,2026-04-26T11:15:44.936567+00:00,2026-04-26T11:15:44.936567+00:00,2026-04-30T01:57:17.078571+00:00,-1.0,-1.2825,-6.86404673,1.56443618,-8.28686493,0.06456,0.060128571428571434,0.06939025714285715,0.07342285714285715,v2_balanced,Continuation Pullback,v2_balanced,0.9332,1.0,0.8922,0.72,0.1874,0.1,mixed_context,0.8654,Breakout Watch,,High,-0.674490759476587,-0.2158641436042426,0.04965734863763236,-0.00239273,0.3205522739792602,0.7111362753792196,1.2073,0.2279,0.1588,59,"update,update,update,update,update,update,update,update,update,update,update,update,update,update,update,update,update,update,update,update,update,update,update,update,update,update,update,update,update,update,update,update,update,update,update,update,update,update,update,update,update,update,update,update,update,update,update,update,update,update,update,update,update,update,update,update,update,update,close",58,,,,,0.8476,1.0,1.4372410431391665,1.0,-0.00017468,0.0,Invalidation
46,SEIUSDT,24h,Continuation,Bullish,Long Build-up,Trending,High,loss,Invalidation,2026-04-27T01:50:26.808280+00:00,2026-04-27T01:50:26.808280+00:00,2026-04-30T01:57:17.078571+00:00,-1.0,-1.2678,-7.34892281,0.0,-7.95131205,0.06326,0.05861107142857143,0.06832733214285713,0.07255785714285713,v2_balanced,Continuation Pullback,v2_balanced,0.9673,0.85,0.8613,0.72,0.221,0.1,mixed_context,0.8198,Breakout Watch,,High,1.2666009682457744,0.6824017245059353,0.6815753035353176,-9.44e-06,0.07469975116528599,-0.40266542898841684,1.082,0.0,0.0,36,"update,update,update,update,update,update,update,update,update,update,update,update,update,update,update,update,update,update,update,update,update,update,update,update,update,update,update,update,update,update,update,update,update,update,update,close",35,,,,,0.4593,1.0,1.573340195573855,1.0,-9.44e-06,-0.00013997,Invalidation
68,GALAUSDT,4h,Continuation,Bullish,Long Build-up,Trending,High,loss,Invalidation,2026-04-29T03:56:09.151296+00:00,2026-04-29T03:56:09.151296+00:00,2026-04-30T01:57:17.078571+00:00,-1.0,-0.5144,-3.39180051,0.0,-3.84615385,0.00338,0.0032653571428571428,0.0034934964285714292,0.003609285714285715,v2_balanced,Continuation Pullback,v2_balanced,0.7055,0.85,0.84,0.72,0.1766,0.0,weak_propulsion,0.65,Breakout Watch,,High,-0.5263663521368166,-0.4328575144611112,-0.05851577174398197,0.0001,-0.0025256310947160965,0.3143062190327543,1.134,0.0,0.0,6,"update,update,update,update,update,close",5,,,,,0.0484,1.0,1.6378264310208388,1.0,0.0001,0.0001,Invalidation
71,DOGEUSDT,4h,Continuation,Bullish,Long Build-up,Trending,High,win,Target 2,2026-04-29T07:58:12.459559+00:00,2026-04-29T07:58:12.459559+00:00,2026-04-30T01:57:17.078571+00:00,1.495,1.9173375,3.40545538,2.24997617,0.0,0.10489,0.10250071428571428,0.10725539285714286,0.10966857142857143,v2_balanced,Continuation Pullback,v2_balanced,0.9761,1.0,0.9087,0.72,0.1892,0.0,climax_event,1.0,Breakout Watch,,High,-0.7255435525018264,0.17071734467921865,0.6543313792451768,0.0001,0.001363774228888781,0.8434373152393846,0.0,0.9877,1.0,3,"update,tp1_hit,close",1,,,,,1.505,1.505,1.0,1.0,0.0001,0.0001,Target 2
28,LPTUSDT,24h,Continuation,Bullish,Long Build-up,Trending,High,loss,Invalidation,2026-04-26T10:57:49.482154+00:00,2026-04-26T10:57:49.482154+00:00,2026-04-30T02:36:36.710926+00:00,-1.0,-1.2545,-6.69282511,0.33523632,-6.7264574,2.23,2.08075,2.3926825,2.5284999999999997,v2_balanced,Continuation Pullback,v2_balanced,0.9166,0.85,0.8535,0.72,0.2157,0.1,mixed_context,0.8091,Breakout Watch,,High,-0.6685066772821913,0.6969595891709267,0.9505857436430785,-0.00085708,0.24109476396931018,0.5609321106462067,1.005,0.0501,0.0475,72,"update,update,update,update,update,update,update,update,update,update,update,update,update,update,update,update,update,update,update,update,update,update,update,update,update,update,update,update,update,update,update,update,update,update,update,update,update,update,update,update,update,update,update,update,update,update,update,update,update,update,update,update,update,update,update,update,update,update,update,update,update,update,update,update,update,update,update,update,update,update,update,close",71,,,,,2.5823,1.0,1.4636610002463661,1.0,-0.00085708,0.0,Invalidation
