Symbol,Timeframe,Timestamp,Setup,Regime,Confidence,Bias,PnL_Pct,Result
MONUSDT,4h,2026-04-08 07:57:26.669608+00:00,Continuation,Trending,0.8641,Bullish,2.895,win
MONUSDT,4h,2026-04-14 07:55:20.338849+00:00,Continuation,Trending,0.8808,Bullish,-5.5448,loss
IMXUSDT,4h,2026-04-21 07:59:59.999000+00:00,Continuation,Trending,0.9017,Bullish,-1.1442,loss
IMXUSDT,4h,2026-04-22 07:59:59.999000+00:00,Continuation,Trending,0.9019,Bullish,-0.667,loss
SOLUSDT,1h,2026-04-16 17:56:47.130198+00:00,Continuation,Balanced,0.8556,Bullish,1.7979,win
SOLUSDT,1h,2026-04-22 02:57:37.826873+00:00,Continuation,Balanced,0.8885,Bullish,1.0769,win
BEATUSDT,15m,2026-04-09 15:11:06.711737+00:00,Continuation,Balanced,0.8209,Bullish,0.7053,win
XAGUSDT,15m,2026-04-07 15:58:29.280560+00:00,Continuation,Balanced,0.8239,Bullish,0.7761,win
XAGUSDT,4h,2026-04-14 15:59:13.419632+00:00,Continuation,Balanced,0.8893,Bullish,1.001,win
XAGUSDT,24h,2026-04-14 23:57:57.192621+00:00,Continuation,Trending,0.8867,Bullish,-0.4713,loss
SAHARAUSDT,4h,2026-04-22 15:59:59.999000+00:00,Continuation,Trending,0.9007,Bullish,-3.2138,loss
BZUSDT,1h,2026-04-21 19:59:42.988141+00:00,Continuation,Trending,0.889,Bullish,-1.5394,loss
BZUSDT,4h,2026-04-30 03:55:13.790198+00:00,Continuation,Balanced,0.8896,Bullish,0.4607,open
ENAUSDT,4h,2026-04-06 15:56:06.701096+00:00,Continuation,Trending,0.894,Bullish,-3.4423,loss
ENAUSDT,4h,2026-04-08 07:57:26.669608+00:00,Continuation,Trending,0.8646,Bullish,-4.3703,loss
ENAUSDT,15m,2026-04-10 09:13:56.356313+00:00,Continuation,Balanced,0.853,Bullish,-1.1334,loss
ENAUSDT,15m,2026-04-18 05:56:01.813294+00:00,Continuation,Ranging,0.8413,Bullish,0.3417,win
ENAUSDT,15m,2026-04-22 01:25:53.604979+00:00,Continuation,Ranging,0.8041,Bearish,-0.6524,loss
ENAUSDT,15m,2026-04-25 01:44:08.544453+00:00,Continuation,Ranging,0.8525,Bullish,0.4378,win
SONICUSDT,15m,2026-04-25 12:59:59.999000+00:00,Continuation,Balanced,0.8983,Bullish,2.6463,win
GPSUSDT,15m,2026-04-29 06:56:11.155878+00:00,Continuation,Balanced,0.8678,Bullish,-0.0396,loss
LABUSDT,1h,2026-04-23 13:59:59.999000+00:00,Continuation,Trending,0.9156,Bullish,-5.3966,loss
MMTUSDT,15m,2026-04-05 21:14:59.999000+00:00,Continuation,Trending,0.8441,Bullish,1.4738,win
AAVEUSDT,1h,2026-04-15 11:55:50.955164+00:00,Continuation,Balanced,0.8887,Bullish,2.1462,win
AAVEUSDT,1h,2026-04-21 03:56:51.789844+00:00,Continuation,Trending,0.864,Bullish,-1.5098,loss
AAVEUSDT,4h,2026-04-27 03:57:34.172163+00:00,Continuation,Trending,0.9297,Bullish,-2.455,loss
API3USDT,1h,2026-04-17 13:59:59.999000+00:00,Continuation,Balanced,0.8691,Bullish,-0.2874,loss
BTCUSDT,24h,2026-04-17 23:56:41.953640+00:00,Continuation,Trending,0.8824,Bullish,-1.0196,loss
PUMPUSDT,15m,2026-04-12 01:56:18.478981+00:00,Squeeze,Balanced,0.85,Bearish,1.9131,win
PUMPUSDT,4h,2026-04-13 23:56:29.181229+00:00,Continuation,Trending,0.8661,Bullish,-0.9499,loss
PUMPUSDT,15m,2026-04-29 04:26:45.047015+00:00,Continuation,Balanced,0.8564,Bullish,0.6823,win
DOGEUSDT,1h,2026-04-14 13:56:58.409123+00:00,Continuation,Trending,0.9287,Bullish,-1.0808,loss
DOGEUSDT,24h,2026-04-16 23:59:32.515981+00:00,Continuation,Trending,0.907,Bullish,-5.7886,loss
DOGEUSDT,4h,2026-04-22 07:55:28.153997+00:00,Continuation,Balanced,0.8873,Bullish,-1.8613,loss
DOGEUSDT,15m,2026-04-29 00:27:29.677948+00:00,Continuation,Ranging,0.8365,Bullish,-0.0602,loss
DOGEUSDT,1h,2026-04-29 07:58:12.459559+00:00,Continuation,Trending,0.9308,Bullish,1.6126,win
ETHUSDT,4h,2026-04-22 07:55:28.153997+00:00,Continuation,Balanced,0.8868,Bullish,-0.688,loss
ARBUSDT,4h,2026-04-06 11:56:30.624019+00:00,Continuation,Trending,0.9083,Bullish,-3.2901,loss
ARBUSDT,4h,2026-04-07 19:58:07.126140+00:00,Continuation,Trending,0.8852,Bullish,1.5844,win
ARBUSDT,15m,2026-04-08 18:24:56.293476+00:00,Continuation,Ranging,0.8496,Bearish,0.2547,win
ARBUSDT,15m,2026-04-09 17:28:58.830288+00:00,Continuation,Balanced,0.8292,Bearish,-0.2462,loss
ARBUSDT,4h,2026-04-11 03:57:51.901254+00:00,Continuation,Trending,0.9015,Bullish,-4.4297,loss
ARBUSDT,15m,2026-04-13 00:56:02.555028+00:00,Continuation,Ranging,0.8142,Bullish,-0.2331,loss
ARBUSDT,15m,2026-04-17 03:58:46.026191+00:00,Continuation,Balanced,0.8215,Bullish,-0.3297,loss
APTUSDT,4h,2026-04-13 15:59:59.999000+00:00,Continuation,Trending,0.8673,Bullish,1.5148,win
APTUSDT,1h,2026-04-18 18:59:48.924133+00:00,Continuation,Balanced,0.4877,Bearish,-0.0761,loss
PRLUSDT,15m,2026-04-26 00:14:59.999000+00:00,Continuation,Balanced,0.869,Bullish,-1.354,loss
PRLUSDT,15m,2026-04-27 19:59:59.999000+00:00,Continuation,Trending,0.8336,Bullish,-6.09,loss
PRLUSDT,15m,2026-04-28 18:25:52.681002+00:00,Continuation,Balanced,0.8223,Bullish,-0.9346,loss
LUNA2USDT,4h,2026-04-23 23:59:59.999000+00:00,Continuation,Trending,0.9011,Bullish,1.4513,win
BUSDT,4h,2026-04-22 19:59:59.999000+00:00,Continuation,Trending,0.8794,Bullish,3.2843,win
SOLVUSDT,1h,2026-04-12 07:59:12.509024+00:00,Continuation,Trending,0.8961,Bullish,1.3432,win
ZROUSDT,1h,2026-04-22 04:59:57.530851+00:00,Continuation,Balanced,0.8528,Bullish,-0.236,loss
ZROUSDT,1h,2026-04-27 12:57:08.839885+00:00,Continuation,Balanced,0.4877,Bearish,0.8118,win
OPUSDT,4h,2026-04-15 15:59:59.999000+00:00,Continuation,Trending,0.8593,Bullish,2.0042,win
SOMIUSDT,1h,2026-04-25 11:59:59.999000+00:00,Continuation,Balanced,0.8944,Bullish,0.4802,win
SOMIUSDT,15m,2026-04-27 21:28:17.427353+00:00,Continuation,Ranging,0.8398,Bullish,-0.4092,loss
HBARUSDT,15m,2026-04-16 15:43:45.961126+00:00,Continuation,Ranging,0.8746,Bullish,-0.2945,loss
AVAXUSDT,1h,2026-04-11 18:57:15.785070+00:00,Continuation,Balanced,0.9037,Bullish,0.4436,win
XRPUSDT,24h,2026-04-16 23:59:32.515981+00:00,Continuation,Trending,0.8808,Bullish,-1.3705,loss
BLURUSDT,15m,2026-04-19 14:11:16.889975+00:00,Continuation,Balanced,0.8474,Bullish,3.6474,win
BLURUSDT,1h,2026-04-22 19:58:52.579286+00:00,Continuation,Trending,0.8794,Bullish,-3.5539,loss
1000FLOKIUSDT,1h,2026-04-22 14:59:59.999000+00:00,Continuation,Balanced,0.8569,Bullish,-0.7143,loss
1000FLOKIUSDT,15m,2026-04-23 05:14:59.999000+00:00,Continuation,Balanced,0.8191,Bullish,1.4072,win
1000FLOKIUSDT,1h,2026-04-23 14:59:59.999000+00:00,Continuation,Balanced,0.8872,Bullish,-2.3365,loss
我踏马来了USDT,15m,2026-04-07 08:29:54.510201+00:00,Continuation,Ranging,0.8743,Bullish,-0.0756,loss
我踏马来了USDT,4h,2026-04-08 07:57:26.669608+00:00,Continuation,Trending,0.8813,Bullish,8.9785,win
我踏马来了USDT,4h,2026-04-10 23:57:47.299843+00:00,Continuation,Trending,0.8773,Bullish,0.2081,loss
SUIUSDT,4h,2026-04-06 11:56:30.624019+00:00,Continuation,Trending,0.8947,Bullish,-3.4636,loss
SUIUSDT,4h,2026-04-13 23:56:29.181229+00:00,Continuation,Trending,0.8626,Bullish,-1.6447,loss
SUIUSDT,4h,2026-04-16 03:59:07.940381+00:00,Continuation,Balanced,0.871,Bullish,1.2471,win
ADAUSDT,24h,2026-04-16 23:59:32.515981+00:00,Continuation,Trending,0.8597,Bullish,-3.6518,loss
ADAUSDT,15m,2026-04-25 11:44:49.187391+00:00,Continuation,Ranging,0.8353,Bearish,-0.0397,loss
TAOUSDT,1h,2026-04-14 18:57:32.486531+00:00,Continuation,Balanced,0.4788,Bearish,-1.696,loss
NOMUSDT,4h,2026-04-21 07:56:00.174031+00:00,Continuation,Trending,0.8792,Bullish,-5.2148,loss
NOMUSDT,15m,2026-04-29 17:44:59.999000+00:00,Continuation,Trending,0.8353,Bullish,-3.0557,loss
NOMUSDT,15m,2026-04-29 19:29:59.999000+00:00,Continuation,Trending,0.8358,Bullish,1.4135,win
1000SHIBUSDT,24h,2026-04-16 23:59:32.515981+00:00,Continuation,Trending,0.9079,Bullish,-5.9845,loss
1000SHIBUSDT,15m,2026-04-22 14:28:07.713647+00:00,Continuation,Ranging,0.8316,Bullish,0.1854,win
1000SHIBUSDT,15m,2026-04-30 06:43:15.104600+00:00,Continuation,Ranging,0.8072,Bullish,0.7994,win
1000BONKUSDT,4h,2026-04-09 19:57:03.788087+00:00,Continuation,Trending,0.8608,Bullish,-1.3292,loss
1000BONKUSDT,15m,2026-04-17 07:41:30.197636+00:00,Continuation,Ranging,0.8084,Bullish,0.9806,win
1000BONKUSDT,15m,2026-04-28 08:25:22.009748+00:00,Continuation,Ranging,0.8141,Bullish,-0.113,loss
CROSSUSDT,4h,2026-04-25 11:59:59.999000+00:00,Continuation,Trending,0.8755,Bullish,3.0618,win
CROSSUSDT,15m,2026-04-25 20:44:59.999000+00:00,Continuation,Balanced,0.8663,Bullish,-1.0809,loss
YGGUSDT,15m,2026-04-25 18:44:59.999000+00:00,Continuation,Balanced,0.8254,Bullish,0.6531,win
YGGUSDT,15m,2026-04-25 23:14:59.999000+00:00,Continuation,Balanced,0.8466,Bullish,-1.2277,loss
QTUMUSDT,4h,2026-04-19 07:57:01.510064+00:00,Continuation,Trending,0.4394,Bearish,-0.2579,loss
ENJUSDT,15m,2026-04-26 00:59:12.278126+00:00,Continuation,Balanced,0.837,Bullish,-0.9653,loss
SIRENUSDT,15m,2026-04-06 06:40:30.230888+00:00,Continuation,Trending,0.4405,Bearish,-4.2719,loss
BCHUSDT,4h,2026-04-17 15:58:44.428431+00:00,Continuation,Balanced,0.8923,Bullish,-2.0962,loss
BCHUSDT,24h,2026-04-22 23:58:03.463659+00:00,Continuation,Trending,0.8503,Bullish,-1.224,loss
ONDOUSDT,4h,2026-04-26 11:59:59.999000+00:00,Continuation,Trending,0.8921,Bullish,-2.3392,loss
BOMEUSDT,4h,2026-04-22 11:55:21.102674+00:00,Continuation,Trending,0.8597,Bullish,-6.8354,loss
CLUSDT,15m,2026-04-07 10:57:42.648157+00:00,Continuation,Balanced,0.7892,Bullish,0.8342,win
GALAUSDT,15m,2026-04-16 15:28:28.100064+00:00,Continuation,Balanced,0.8754,Bullish,2.9973,win
GALAUSDT,4h,2026-04-24 11:59:47.962794+00:00,Continuation,Trending,0.8874,Bullish,4.4405,win
GALAUSDT,4h,2026-04-25 03:56:27.323074+00:00,Continuation,Trending,0.9131,Bullish,-3.5403,loss
ZECUSDT,1h,2026-04-07 04:55:50.210198+00:00,Continuation,Trending,0.8849,Bullish,1.1843,win
ZECUSDT,4h,2026-04-21 11:55:16.329497+00:00,Continuation,Trending,0.8582,Bullish,-4.38,loss
LDOUSDT,4h,2026-04-14 03:59:59.999000+00:00,Continuation,Trending,0.9026,Bullish,2.111,win
LDOUSDT,4h,2026-04-15 15:55:23.878066+00:00,Continuation,Trending,0.9013,Bullish,7.9599,win
LDOUSDT,4h,2026-04-16 19:59:59.999000+00:00,Continuation,Trending,0.8919,Bullish,-5.7266,loss
LDOUSDT,1h,2026-04-18 23:54:57.462771+00:00,Continuation,Balanced,0.5104,Bearish,0.8104,win
RIVERUSDT,1h,2026-04-13 12:57:02.342941+00:00,Continuation,Trending,0.5003,Bearish,5.8086,win
RIVERUSDT,1h,2026-04-15 07:56:32.291375+00:00,Continuation,Trending,0.8968,Bearish,-2.7626,loss
RIVERUSDT,15m,2026-04-20 14:42:34.541982+00:00,Continuation,Balanced,0.8021,Bullish,3.2182,win
RIVERUSDT,15m,2026-04-21 23:43:58.082840+00:00,Continuation,Balanced,0.7943,Bullish,0.6253,win
KITEUSDT,1h,2026-04-10 18:56:30.759336+00:00,Continuation,Balanced,0.8529,Bullish,-2.5582,loss
KITEUSDT,1h,2026-04-13 11:55:32.356032+00:00,Continuation,Trending,0.8654,Bullish,-0.1835,loss
KITEUSDT,4h,2026-04-27 03:59:59.999000+00:00,Continuation,Trending,0.8774,Bullish,-4.9689,loss
ORCAUSDT,15m,2026-04-28 08:55:56.588794+00:00,Continuation,Balanced,0.877,Bullish,-0.1935,loss
XLMUSDT,4h,2026-04-20 19:59:59.999000+00:00,Continuation,Trending,0.8863,Bullish,4.3089,win
XLMUSDT,15m,2026-04-23 06:40:49.819716+00:00,Continuation,Ranging,0.8853,Bullish,-0.0621,loss
XLMUSDT,1h,2026-04-26 11:55:37.716802+00:00,Continuation,Ranging,0.8581,Bullish,-0.1508,loss
EDGEUSDT,15m,2026-04-08 03:27:03.587110+00:00,Continuation,Balanced,0.8704,Bullish,2.5504,win
EDGEUSDT,15m,2026-04-22 03:58:41.377898+00:00,Continuation,Balanced,0.8649,Bullish,2.0357,win
CLOUSDT,15m,2026-04-21 23:14:59.999000+00:00,Continuation,Balanced,0.7944,Bullish,0.9057,win
BASEDUSDT,15m,2026-04-10 09:13:56.356313+00:00,Continuation,Balanced,0.801,Bullish,-0.9668,loss
BASEDUSDT,15m,2026-04-12 20:40:29.501832+00:00,Continuation,Balanced,0.8262,Bullish,-0.8367,loss
TURTLEUSDT,4h,2026-04-27 11:59:59.999000+00:00,Continuation,Trending,0.875,Bullish,2.5013,win
LIGHTUSDT,1h,2026-04-20 23:57:39.152752+00:00,Continuation,Balanced,0.886,Bullish,2.521,win
CHIPUSDT,15m,2026-04-22 00:14:59.999000+00:00,Continuation,Trending,0.8964,Bullish,-6.7045,loss
BULLAUSDT,15m,2026-04-05 22:59:59.999000+00:00,Continuation,Trending,0.8576,Bullish,-0.0851,loss
APEUSDT,15m,2026-04-18 23:14:13.311824+00:00,Continuation,Balanced,0.8531,Bullish,-0.5539,loss
APEUSDT,4h,2026-04-22 07:59:59.999000+00:00,Continuation,Trending,0.8657,Bullish,-3.9221,loss
APEUSDT,1h,2026-04-28 00:57:12.729218+00:00,Continuation,Balanced,0.8691,Bullish,-2.6749,loss
FILUSDT,4h,2026-04-16 03:59:07.940381+00:00,Continuation,Trending,0.9296,Bullish,1.4004,win
GIGGLEUSDT,15m,2026-04-11 10:26:14.803795+00:00,Continuation,Balanced,0.7999,Bullish,0.6715,win
GIGGLEUSDT,15m,2026-04-12 15:44:18.439893+00:00,Continuation,Balanced,0.8403,Bullish,-1.2856,loss
GIGGLEUSDT,15m,2026-04-14 06:13:32.441076+00:00,Continuation,Balanced,0.8597,Bullish,1.2292,win
GIGGLEUSDT,15m,2026-04-27 11:40:42.903960+00:00,Continuation,Balanced,0.861,Bullish,-0.1814,loss
IPUSDT,15m,2026-04-21 05:43:45.186165+00:00,Continuation,Balanced,0.8787,Bullish,-0.8235,loss
IPUSDT,4h,2026-04-22 19:59:59.999000+00:00,Continuation,Trending,0.8929,Bullish,-3.6972,loss
IPUSDT,15m,2026-04-26 16:28:31.162347+00:00,Continuation,Ranging,0.8617,Bullish,0.8299,win
COMPUSDT,1h,2026-04-17 23:56:41.953640+00:00,Continuation,Balanced,0.9075,Bullish,3.5125,win
SOONUSDT,15m,2026-04-20 11:44:22.819123+00:00,Continuation,Balanced,0.8094,Bullish,0.5683,win
SOONUSDT,15m,2026-04-22 18:57:48.173231+00:00,Continuation,Ranging,0.8413,Bullish,-0.6199,loss
SOONUSDT,15m,2026-04-23 10:42:36.268692+00:00,Continuation,Balanced,0.883,Bullish,0.5512,win
SOONUSDT,15m,2026-04-26 11:55:37.716802+00:00,Continuation,Balanced,0.8525,Bullish,-1.0269,loss
LINKUSDT,1h,2026-04-16 17:56:47.130198+00:00,Continuation,Balanced,0.873,Bullish,0.7783,win
LINKUSDT,24h,2026-04-16 23:59:32.515981+00:00,Continuation,Trending,0.8942,Bullish,-2.0835,loss
LINKUSDT,1h,2026-04-23 01:59:59.999000+00:00,Continuation,Balanced,0.4142,Bearish,-0.0866,loss
DASHUSDT,4h,2026-04-10 07:59:59.999000+00:00,Continuation,Trending,0.8704,Bullish,3.1816,win
DASHUSDT,4h,2026-04-21 11:59:59.999000+00:00,Continuation,Trending,0.8573,Bullish,3.2627,win
DASHUSDT,1h,2026-04-23 13:56:04.686202+00:00,Continuation,Balanced,0.8549,Bullish,-0.3363,loss
SANDUSDT,4h,2026-04-18 11:57:34.579849+00:00,Continuation,Trending,0.8449,Bearish,2.7512,win
SANDUSDT,4h,2026-04-24 19:59:59.999000+00:00,Continuation,Trending,0.8557,Bullish,4.4939,win
INJUSDT,4h,2026-04-13 23:59:59.999000+00:00,Continuation,Trending,0.8751,Bullish,-1.7676,loss
INJUSDT,4h,2026-04-15 15:59:59.999000+00:00,Continuation,Balanced,0.8864,Bullish,4.0315,win
INJUSDT,4h,2026-04-16 03:59:59.999000+00:00,Continuation,Trending,0.8601,Bullish,1.9055,win
INJUSDT,4h,2026-04-25 15:59:26.047331+00:00,Continuation,Trending,0.9103,Bullish,4.857,win
INJUSDT,15m,2026-04-26 15:26:41.439582+00:00,Continuation,Balanced,0.8498,Bullish,-0.1451,loss
ROSEUSDT,1h,2026-04-17 16:59:48.418007+00:00,Continuation,Balanced,0.9042,Bullish,-0.3322,loss
ZEREBROUSDT,15m,2026-04-21 23:14:59.999000+00:00,Continuation,Trending,0.824,Bullish,4.246,win
ZEREBROUSDT,1h,2026-04-29 17:59:59.999000+00:00,Continuation,Trending,0.9029,Bullish,11.4018,win
ZKPUSDT,4h,2026-04-28 15:59:59.999000+00:00,Continuation,Trending,0.8694,Bullish,9.4951,win
METUSDT,15m,2026-04-22 10:12:54.710473+00:00,Continuation,Balanced,0.8382,Bullish,-2.1523,loss
GENIUSUSDT,15m,2026-04-27 04:58:39.847155+00:00,Continuation,Ranging,0.802,Bullish,-0.6345,loss
RAVEUSDT,4h,2026-04-08 11:59:59.999000+00:00,Continuation,Trending,0.9014,Bullish,11.384,win
RAVEUSDT,15m,2026-04-22 09:57:37.141105+00:00,Continuation,Trending,0.798,Bullish,-2.7946,loss
RAVEUSDT,15m,2026-04-24 08:14:16.909762+00:00,Continuation,Trending,0.8149,Bullish,-2.8591,loss
PENGUUSDT,4h,2026-04-06 11:56:30.624019+00:00,Continuation,Trending,0.8804,Bullish,-3.7955,loss
PENGUUSDT,15m,2026-04-08 21:13:18.119360+00:00,Continuation,Ranging,0.8236,Bullish,-0.3293,loss
PENGUUSDT,4h,2026-04-14 11:59:41.857830+00:00,Continuation,Trending,0.9041,Bullish,-3.6455,loss
PENGUUSDT,15m,2026-04-17 07:41:30.197636+00:00,Continuation,Ranging,0.8402,Bullish,1.109,win
PENGUUSDT,4h,2026-04-21 11:55:16.329497+00:00,Continuation,Trending,0.9018,Bullish,-4.6467,loss
PENGUUSDT,1h,2026-04-22 02:57:37.826873+00:00,Continuation,Trending,0.9075,Bullish,3.2717,win
PENGUUSDT,15m,2026-04-22 18:42:33.629124+00:00,Continuation,Balanced,0.8493,Bullish,-1.0627,loss
PENGUUSDT,15m,2026-04-23 12:14:15.534434+00:00,Continuation,Balanced,0.8018,Bullish,-0.0831,loss
PENGUUSDT,4h,2026-04-26 11:55:37.716802+00:00,Continuation,Trending,0.8971,Bullish,-4.0542,loss
XMRUSDT,1h,2026-04-08 12:58:27.663769+00:00,Continuation,Balanced,0.8533,Bullish,0.5472,win
WCTUSDT,1h,2026-04-25 21:59:59.999000+00:00,Continuation,Trending,0.8979,Bullish,1.9939,win
SPKUSDT,15m,2026-04-22 13:59:59.999000+00:00,Continuation,Trending,0.8759,Bullish,2.4443,win
SPKUSDT,1h,2026-04-27 10:59:58.741933+00:00,Continuation,Trending,0.4646,Bearish,-0.0845,loss
CHZUSDT,4h,2026-04-19 19:59:59.999000+00:00,Continuation,Trending,0.8501,Bullish,-3.4402,loss
CHZUSDT,4h,2026-04-20 15:59:59.999000+00:00,Continuation,Trending,0.8493,Bullish,2.5073,win
CHZUSDT,4h,2026-04-23 23:59:59.999000+00:00,Continuation,Trending,0.887,Bullish,-5.4595,loss
CHZUSDT,15m,2026-04-24 12:25:15.778944+00:00,Continuation,Ranging,0.7851,Bullish,-0.2905,loss
FIGHTUSDT,4h,2026-04-16 23:59:32.515981+00:00,Continuation,Trending,0.8729,Bullish,3.3913,win
SPXUSDT,15m,2026-04-23 11:58:56.923129+00:00,Continuation,Balanced,0.8766,Bullish,-0.109,loss
CRVUSDT,1h,2026-04-13 16:59:59.999000+00:00,Continuation,Balanced,0.8699,Bullish,2.9328,win
CRVUSDT,15m,2026-04-14 06:59:21.800171+00:00,Continuation,Ranging,0.8603,Bullish,-0.2536,loss
CRVUSDT,15m,2026-04-14 21:40:31.955327+00:00,Continuation,Ranging,0.827,Bullish,1.0099,win
CRVUSDT,15m,2026-04-28 13:29:32.842533+00:00,Continuation,Balanced,0.8408,Bullish,-0.4405,loss
AXSUSDT,4h,2026-04-24 15:59:59.999000+00:00,Continuation,Balanced,0.8663,Bullish,3.6434,win
AXSUSDT,15m,2026-04-26 19:28:36.871381+00:00,Continuation,Balanced,0.8336,Bullish,2.1445,win
AXSUSDT,15m,2026-04-27 14:13:33.801284+00:00,Continuation,Balanced,0.8639,Bullish,0.7818,win
VANAUSDT,4h,2026-04-24 03:59:59.999000+00:00,Continuation,Trending,0.8903,Bullish,1.5227,win
ASTERUSDT,4h,2026-04-11 19:58:36.974992+00:00,Continuation,Balanced,0.8842,Bullish,-1.277,loss
ASTERUSDT,1h,2026-04-14 13:56:58.409123+00:00,Continuation,Balanced,0.9079,Bullish,-1.2758,loss
AEROUSDT,4h,2026-04-21 15:59:59.999000+00:00,Continuation,Trending,0.4861,Bearish,-4.7142,loss
AEROUSDT,4h,2026-04-22 07:59:59.999000+00:00,Continuation,Trending,0.8893,Bullish,2.2832,win
AEROUSDT,1h,2026-04-26 08:59:59.999000+00:00,Continuation,Balanced,0.9086,Bullish,2.6133,win
AEROUSDT,15m,2026-04-27 17:44:02.680727+00:00,Continuation,Balanced,0.8605,Bullish,-0.0867,loss
ATOMUSDT,4h,2026-04-12 03:59:59.999000+00:00,Continuation,Balanced,0.4991,Bearish,1.0992,win
ATOMUSDT,1h,2026-04-22 05:58:31.963211+00:00,Continuation,Balanced,0.9151,Bullish,-0.5837,loss
TRUMPUSDT,4h,2026-04-08 07:57:26.669608+00:00,Continuation,Balanced,0.8764,Bullish,-2.6018,loss
TRUMPUSDT,4h,2026-04-15 23:59:41.047592+00:00,Continuation,Balanced,0.9088,Bullish,1.2937,win
TRUMPUSDT,15m,2026-04-16 15:43:45.961126+00:00,Continuation,Balanced,0.8323,Bullish,1.4484,win
币安人生USDT,15m,2026-04-16 05:10:33.955288+00:00,Continuation,Trending,0.7916,Bullish,2.4834,win
币安人生USDT,15m,2026-04-28 09:11:16.333935+00:00,Continuation,Balanced,0.8724,Bullish,-1.3048,loss
BNBUSDT,4h,2026-04-14 15:59:13.419632+00:00,Continuation,Balanced,0.8822,Bullish,-1.3346,loss
LISTAUSDT,4h,2026-04-18 15:56:41.645594+00:00,Continuation,Trending,0.8821,Bullish,-5.6584,loss
SEIUSDT,4h,2026-04-22 15:59:59.999000+00:00,Continuation,Trending,0.8611,Bullish,-3.4886,loss
SEIUSDT,15m,2026-04-23 06:40:49.819716+00:00,Continuation,Ranging,0.8433,Bullish,0.3822,win
SEIUSDT,15m,2026-04-26 14:24:52.879520+00:00,Continuation,Balanced,0.8271,Bullish,1.3656,win
MAGMAUSDT,15m,2026-04-24 10:26:30.037576+00:00,Continuation,Balanced,0.8675,Bullish,0.9548,win
GTCUSDT,15m,2026-04-20 09:57:26.069221+00:00,Continuation,Balanced,0.8026,Bullish,-0.1391,loss
SUSHIUSDT,15m,2026-04-18 16:42:30.217195+00:00,Continuation,Ranging,0.8366,Bearish,-0.2116,loss
WIFUSDT,15m,2026-04-05 17:26:22.566118+00:00,Continuation,Ranging,0.3906,Bearish,-0.0152,loss
WIFUSDT,4h,2026-04-06 11:56:30.624019+00:00,Continuation,Trending,0.8998,Bullish,-3.2943,loss
WIFUSDT,1h,2026-04-07 19:58:07.126140+00:00,Continuation,Trending,0.8925,Bullish,0.7897,win
WIFUSDT,1h,2026-04-09 15:56:58.765136+00:00,Continuation,Trending,0.8657,Bullish,2.0284,win
WIFUSDT,1h,2026-04-29 07:58:12.459559+00:00,Continuation,Balanced,0.8991,Bullish,1.2279,win
STOUSDT,15m,2026-04-09 13:13:26.253692+00:00,Continuation,Balanced,0.7989,Bullish,-1.0096,loss
BANANAS31USDT,15m,2026-04-26 06:55:41.227725+00:00,Continuation,Balanced,0.8351,Bullish,-1.3806,loss
VVVUSDT,1h,2026-04-05 17:57:05.618344+00:00,Continuation,Trending,0.905,Bullish,-1.0801,loss
VVVUSDT,15m,2026-04-06 02:55:59.979137+00:00,Continuation,Balanced,0.8068,Bullish,-0.072,loss
VVVUSDT,15m,2026-04-07 10:27:01.493724+00:00,Continuation,Balanced,0.4205,Bearish,-0.0387,loss
VVVUSDT,15m,2026-04-11 07:57:49.609646+00:00,Continuation,Balanced,0.8241,Bullish,0.4968,win
VVVUSDT,4h,2026-04-20 19:59:59.999000+00:00,Continuation,Trending,0.8809,Bullish,-0.2314,loss
VVVUSDT,4h,2026-04-26 07:59:59.999000+00:00,Continuation,Trending,0.9041,Bullish,2.163,win
ALGOUSDT,1h,2026-04-05 13:57:07.699601+00:00,Continuation,Trending,0.8912,Bullish,-0.0792,loss
ALGOUSDT,15m,2026-04-26 14:55:47.294101+00:00,Continuation,Balanced,0.862,Bullish,-0.4602,loss
ALGOUSDT,24h,2026-04-26 23:59:37.848919+00:00,Continuation,Trending,0.8634,Bullish,-0.7506,loss
QUSDT,15m,2026-04-25 08:56:44.653847+00:00,Continuation,Balanced,0.8131,Bullish,-1.3417,loss
1000PEPEUSDT,1h,2026-04-07 19:58:07.126140+00:00,Continuation,Balanced,0.8963,Bullish,2.1378,win
1000PEPEUSDT,1h,2026-04-11 21:56:14.669046+00:00,Continuation,Balanced,0.8307,Bullish,-1.6735,loss
1000PEPEUSDT,15m,2026-04-12 01:56:18.478981+00:00,Squeeze,Balanced,0.85,Bearish,-0.0747,loss
1000PEPEUSDT,15m,2026-04-15 22:43:12.392554+00:00,Continuation,Balanced,0.8574,Bullish,-0.8251,loss
1000PEPEUSDT,4h,2026-04-26 11:55:37.716802+00:00,Continuation,Balanced,0.9061,Bullish,-2.0948,loss
1000PEPEUSDT,4h,2026-04-27 03:57:34.172163+00:00,Continuation,Trending,0.9017,Bullish,-2.2772,loss
VIRTUALUSDT,4h,2026-04-13 23:59:59.999000+00:00,Continuation,Trending,0.8825,Bullish,-4.4101,loss
VIRTUALUSDT,4h,2026-04-16 15:59:03.950944+00:00,Continuation,Trending,0.8725,Bullish,1.555,win
VIRTUALUSDT,4h,2026-04-22 07:59:59.999000+00:00,Continuation,Trending,0.8779,Bullish,-2.7187,loss
RAYSOLUSDT,4h,2026-04-21 03:59:59.999000+00:00,Continuation,Trending,0.8659,Bullish,-1.0436,loss
RAYSOLUSDT,4h,2026-04-22 07:59:59.999000+00:00,Continuation,Trending,0.8977,Bullish,-2.6543,loss
ETCUSDT,4h,2026-04-17 15:59:59.999000+00:00,Continuation,Trending,0.8572,Bullish,-0.5131,loss
ONGUSDT,1h,2026-04-08 18:55:32.395365+00:00,Continuation,Balanced,0.494,Bearish,2.1176,win
WETUSDT,15m,2026-04-13 16:44:59.999000+00:00,Continuation,Trending,0.8592,Bullish,-2.2042,loss
WETUSDT,15m,2026-04-16 02:12:06.849860+00:00,Continuation,Balanced,0.8141,Bullish,1.2217,win
HOLOUSDT,4h,2026-04-08 11:59:59.999000+00:00,Continuation,Trending,0.8987,Bullish,-3.1102,loss
HOLOUSDT,4h,2026-04-09 19:59:59.999000+00:00,Continuation,Trending,0.8824,Bullish,-3.7608,loss
SLPUSDT,4h,2026-04-24 19:59:59.999000+00:00,Continuation,Trending,0.8904,Bullish,4.3156,win
WLDUSDT,1h,2026-04-10 15:57:41.707946+00:00,Continuation,Balanced,0.8632,Bullish,2.3537,win
WLDUSDT,1h,2026-04-13 01:57:14.016265+00:00,Continuation,Trending,0.8972,Bullish,-2.0708,loss
WLDUSDT,4h,2026-04-14 07:55:20.338849+00:00,Continuation,Trending,0.9314,Bullish,-4.9768,loss
WLDUSDT,15m,2026-04-16 07:58:55.102134+00:00,Continuation,Ranging,0.895,Bullish,-0.7118,loss
WLDUSDT,4h,2026-04-22 07:55:28.153997+00:00,Continuation,Balanced,0.8659,Bullish,-1.3128,loss
REDUSDT,15m,2026-04-23 07:44:59.999000+00:00,Continuation,Trending,0.8053,Bullish,-2.0619,loss
THETAUSDT,15m,2026-04-18 16:27:11.918682+00:00,Continuation,Balanced,0.8937,Bullish,-1.3137,loss
ESPUSDT,15m,2026-04-26 03:57:19.044876+00:00,Continuation,Balanced,0.466,Bearish,-0.3475,loss
1000LUNCUSDT,4h,2026-04-23 19:59:59.999000+00:00,Continuation,Trending,0.8658,Bullish,6.4693,win
1000LUNCUSDT,4h,2026-04-26 19:59:59.999000+00:00,Continuation,Trending,0.8807,Bullish,6.9949,win
LINEAUSDT,4h,2026-04-24 19:59:59.999000+00:00,Continuation,Trending,0.8648,Bullish,1.5305,win
LINEAUSDT,4h,2026-04-25 11:59:59.999000+00:00,Continuation,Trending,0.8923,Bullish,0.154,loss
TACUSDT,15m,2026-04-24 09:40:43.464314+00:00,Continuation,Balanced,0.8407,Bullish,-0.1253,loss
TACUSDT,15m,2026-04-29 08:29:27.058746+00:00,Continuation,Balanced,0.8275,Bullish,3.2523,win
HYPERUSDT,15m,2026-04-25 21:59:59.999000+00:00,Continuation,Trending,0.8794,Bullish,-0.2717,loss
HYPERUSDT,1h,2026-04-29 00:58:01.772927+00:00,Continuation,Balanced,0.8631,Bullish,-1.5362,loss
MYXUSDT,15m,2026-04-15 10:59:47.726371+00:00,Continuation,Trending,0.7931,Bullish,1.4001,win
MYXUSDT,4h,2026-04-24 03:59:59.999000+00:00,Continuation,Trending,0.8609,Bullish,-5.8211,loss
FARTCOINUSDT,15m,2026-04-05 20:40:27.025043+00:00,Continuation,Ranging,0.8764,Bullish,-0.5557,loss
FARTCOINUSDT,15m,2026-04-06 08:42:52.265210+00:00,Continuation,Ranging,0.8781,Bullish,-0.723,loss
FARTCOINUSDT,4h,2026-04-06 11:56:30.624019+00:00,Continuation,Trending,0.8818,Bullish,-4.898,loss
FARTCOINUSDT,1h,2026-04-07 15:58:29.280560+00:00,Continuation,Balanced,0.8588,Bullish,2.7676,win
FARTCOINUSDT,4h,2026-04-16 07:58:55.102134+00:00,Continuation,Trending,0.9071,Bullish,3.1251,win
FARTCOINUSDT,4h,2026-04-27 03:57:34.172163+00:00,Continuation,Trending,0.9004,Bullish,-3.1431,loss
FETUSDT,15m,2026-04-05 20:40:27.025043+00:00,Continuation,Ranging,0.8501,Bullish,-0.6431,loss
FETUSDT,15m,2026-04-13 19:25:49.250740+00:00,Continuation,Ranging,0.7965,Bullish,-0.5662,loss
TIAUSDT,4h,2026-04-15 11:59:59.999000+00:00,Continuation,Trending,0.8897,Bullish,1.6666,win
TIAUSDT,4h,2026-04-16 07:59:59.999000+00:00,Continuation,Trending,0.9019,Bullish,5.3734,win
TIAUSDT,1h,2026-04-19 06:55:50.584207+00:00,Continuation,Balanced,0.8462,Bullish,-1.5004,loss
TIAUSDT,15m,2026-04-21 10:13:33.947027+00:00,Continuation,Ranging,0.8732,Bullish,-0.4304,loss
SPACEUSDT,4h,2026-04-26 11:59:59.999000+00:00,Continuation,Trending,0.8821,Bullish,-6.3997,loss
SPACEUSDT,1h,2026-04-26 20:59:59.999000+00:00,Continuation,Trending,0.8821,Bullish,-5.3208,loss
SPACEUSDT,15m,2026-04-27 19:10:40.157332+00:00,Continuation,Ranging,0.8609,Bullish,1.0777,win
MINAUSDT,4h,2026-04-22 07:59:59.999000+00:00,Continuation,Trending,0.878,Bullish,-1.3184,loss
MINAUSDT,15m,2026-04-28 13:29:32.842533+00:00,Continuation,Ranging,0.8294,Bullish,-0.3928,loss
DOTUSDT,4h,2026-04-06 11:56:30.624019+00:00,Continuation,Trending,0.903,Bullish,-2.7882,loss
DOTUSDT,15m,2026-04-13 15:56:10.092114+00:00,Continuation,Ranging,0.4549,Bearish,-0.7151,loss
DOTUSDT,15m,2026-04-17 12:55:51.485455+00:00,Continuation,Ranging,0.8653,Bullish,1.1115,win
DOTUSDT,4h,2026-04-23 19:59:44.649532+00:00,Continuation,Balanced,0.4692,Bearish,-1.3915,loss
RENDERUSDT,4h,2026-04-11 19:59:59.999000+00:00,Continuation,Trending,0.8922,Bullish,-3.4702,loss
PORTALUSDT,15m,2026-04-20 22:10:47.105858+00:00,Continuation,Balanced,0.8195,Bullish,0.8688,win
MSTRUSDT,4h,2026-04-14 07:55:20.338849+00:00,Continuation,Balanced,0.8724,Bullish,3.4002,win
NAORISUSDT,4h,2026-04-26 19:59:59.999000+00:00,Continuation,Trending,0.8711,Bullish,3.5827,win
MASKUSDT,24h,2026-04-23 08:22:28.319461+00:00,Continuation,Trending,0.8946,Bullish,10.1631,win
MASKUSDT,1h,2026-04-28 07:59:54.023104+00:00,Continuation,Balanced,0.8582,Bullish,-1.6716,loss
KATUSDT,15m,2026-04-25 07:40:22.765510+00:00,Continuation,Trending,0.857,Bullish,-3.5612,loss
KATUSDT,15m,2026-04-28 19:11:40.551423+00:00,Continuation,Balanced,0.8094,Bullish,-1.0217,loss
MOVRUSDT,15m,2026-04-25 23:12:16.377462+00:00,Continuation,Balanced,0.8685,Bullish,-2.0372,loss
ARIAUSDT,1h,2026-04-07 12:54:51.737907+00:00,Continuation,Trending,0.502,Bearish,2.4442,win
PIEVERSEUSDT,15m,2026-04-21 05:13:06.256524+00:00,Continuation,Trending,0.8173,Bullish,1.8468,win
INXUSDT,4h,2026-04-12 11:59:59.999000+00:00,Continuation,Trending,0.8803,Bullish,6.1286,win
INXUSDT,15m,2026-04-15 23:13:45.464519+00:00,Continuation,Balanced,0.8612,Bullish,-0.7362,loss
INXUSDT,1h,2026-04-16 16:55:22.256810+00:00,Continuation,Balanced,0.4892,Bearish,-2.018,loss
NEARUSDT,15m,2026-04-10 01:44:24.801299+00:00,Continuation,Balanced,0.8042,Bullish,-0.6254,loss
NEARUSDT,1h,2026-04-18 06:57:05.583463+00:00,Continuation,Balanced,0.8486,Bullish,-1.1645,loss
SAFEUSDT,4h,2026-04-21 03:59:59.999000+00:00,Continuation,Trending,0.9012,Bullish,-0.8181,loss
SAFEUSDT,4h,2026-04-25 03:59:59.999000+00:00,Continuation,Trending,0.8762,Bullish,6.1992,win
OPENUSDT,4h,2026-04-22 03:59:59.999000+00:00,Continuation,Trending,0.9001,Bullish,-1.8998,loss
OPENUSDT,15m,2026-04-28 22:55:48.294758+00:00,Continuation,Balanced,0.7845,Bullish,-0.8765,loss
OPENUSDT,15m,2026-04-28 23:26:20.649056+00:00,Continuation,Balanced,0.8383,Bullish,0.4947,win
HYPEUSDT,1h,2026-04-08 07:57:26.669608+00:00,Continuation,Balanced,0.9067,Bullish,-0.1926,loss
HYPEUSDT,1h,2026-04-13 16:57:21.952368+00:00,Continuation,Balanced,0.9133,Bullish,1.2357,win
HYPEUSDT,1h,2026-04-22 02:57:37.826873+00:00,Continuation,Balanced,0.8589,Bullish,1.4911,win
ZBTUSDT,1h,2026-04-23 11:59:59.999000+00:00,Continuation,Trending,0.8674,Bullish,6.3354,win
ZBTUSDT,4h,2026-04-24 03:59:59.999000+00:00,Continuation,Trending,0.9043,Bullish,9.1211,win
SAPIENUSDT,1h,2026-04-25 11:59:59.999000+00:00,Continuation,Trending,0.878,Bullish,7.1426,win
TURBOUSDT,1h,2026-04-18 18:59:48.924133+00:00,Continuation,Balanced,0.4973,Bearish,1.0211,win
PHBUSDT,15m,2026-04-19 23:26:23.208449+00:00,Continuation,Trending,0.7999,Bullish,-2.8294,loss
PHBUSDT,15m,2026-04-22 03:12:54.160871+00:00,Continuation,Balanced,0.8287,Bullish,-0.7776,loss
PIPPINUSDT,1h,2026-04-06 11:56:30.624019+00:00,Continuation,Trending,0.5077,Bearish,-3.1502,loss
PIPPINUSDT,4h,2026-04-11 03:57:51.901254+00:00,Continuation,Trending,0.8321,Bearish,-0.694,loss
PIPPINUSDT,4h,2026-04-12 19:59:42.630988+00:00,Continuation,Trending,0.9084,Bearish,3.5946,win
PIPPINUSDT,4h,2026-04-24 19:59:59.999000+00:00,Continuation,Trending,0.8839,Bullish,2.9778,win
PIPPINUSDT,15m,2026-04-29 07:42:42.531622+00:00,Continuation,Ranging,0.8147,Bullish,0.3551,win
BROCCOLI714USDT,1h,2026-04-28 18:59:59.999000+00:00,Continuation,Trending,0.8952,Bullish,8.3437,win
HOODUSDT,4h,2026-04-23 15:59:59.999000+00:00,Continuation,Trending,0.4889,Bearish,1.5424,win
UNIUSDT,1h,2026-04-16 15:59:03.950944+00:00,Continuation,Trending,0.8936,Bullish,-1.5055,loss
UNIUSDT,4h,2026-04-22 07:55:28.153997+00:00,Continuation,Trending,0.8888,Bullish,-2.1553,loss
XPLUSDT,4h,2026-04-16 19:59:21.500080+00:00,Continuation,Trending,0.8616,Bullish,-4.528,loss
TONUSDT,4h,2026-04-11 07:59:59.999000+00:00,Continuation,Trending,0.8926,Bullish,1.8577,win
TONUSDT,15m,2026-04-17 04:14:29.481983+00:00,Continuation,Ranging,0.824,Bullish,-0.4991,loss
VETUSDT,4h,2026-04-18 11:57:34.579849+00:00,Continuation,Trending,0.8662,Bearish,0.0291,open
STRKUSDT,4h,2026-04-22 15:59:44.830524+00:00,Continuation,Trending,0.8558,Bullish,2.4842,win
